計畫名稱,年度,主題,次主題
奈米國家型科技計畫-奈米材料及製程技術發展綱要計畫(6/6)(1401:經濟部技術處),103,電池,"鋰電池,燃料電池"
能源國家型科技計畫-大型儲電元件與系統技術開發計畫(1/3)(1401:經濟部技術處),103,電池,鋰電池
能源國家型科技計畫-能源產業技術發展綱要計畫(4/4)(1401:經濟部技術處),103,電池,"鋰電池,太陽電池,燃料電池"
工研院創新前瞻技術研究綱要計畫書(3/4)- (1401:經濟部技術處),103,電池,"鋰電池,太陽電池"
智慧電動車產業推動計畫(4/4)(1402:經濟部工業局),103,電池,鋰電池
能源國家型科技計畫--能源科技產品標準檢測驗證計畫(2/4)(1403:經濟部標準檢驗局),103,電池,"太陽電池,燃料電池"
能源國家型科技計畫-太陽光電技術發展與應用(1/4)(2001:行政院原子能委員會),103,電池,太陽電池
能源國家型科技計畫-高效率固態氧化物燃料電池技術開發暨產業化平台建構(1/4)(2001:行政院原子能委員會),103,電池,燃料電池
能源國家型科技計畫-我國能源科技及產業政策評估能力建置(3/4)(2001:行政院原子能委員會),103,電池,燃料電池
電漿在綠色節能環境之開發與應用(2/4)(2001:行政院原子能委員會),103,電池,太陽電池
學界及業界能源科技研究發展計畫(1/1)(8001:石油及能源基金),103,電池,燃料電池
再生能源發展與推廣計畫(1/1)(8001:石油及能源基金),103,電池,燃料電池
能源國家型科技計畫-大型儲電元件與系統技術開發計畫(2/3)(1401:經濟部技術處),104,電池,鋰電池
能源國家型科技計畫-能源產業技術發展綱要計畫(2/5)(1401:經濟部技術處),104,電池,"鋰電池,太陽電池,燃料電池"
智慧電動車輛產業推動計畫(1/4)(1402:經濟部工業局),104,電池,鋰電池
能源國家型科技計畫--能源科技產品標準檢測驗證計畫(3/4)(1403:經濟部標準檢驗局),104,電池,"太陽電池,燃料電池"
能源國家型科技計畫-高效率固態氧化物燃料電池技術開發暨產業化平台建構(2/5)(2001:行政院原子能委員會),104,電池,燃料電池
電漿在綠色節能環境之開發與應用(3/4)(2001:行政院原子能委員會),104,電池,太陽電池
能源國家型科技計畫—新及再生能源技術研發(1/4)(8001:石油及能源基金),104,電池,"鋰電池,釩液流電池,太陽電池,燃料電池"
104年度「學界及業界能源科技研究發展計畫」(1/1)(8001:石油及能源基金),104,電池,燃料電池
虛擬電廠低碳能源調度決策技術發展與研究(1/1)(8001:石油及能源基金),104,電池,燃料電池
能源國家型科技計畫-能源產業技術發展綱要計畫(3/5)(1401:經濟部技術處),105,電池,"鋰電池,太陽電池,燃料電池"
能源國家型科技計畫-大型儲電元件與系統技術開發計畫(3/3)(1401:經濟部技術處),105,電池,鋰電池
奈米材料產業技術發展綱要計畫(2/4)(1401:經濟部技術處),105,電池,"鋰電池,燃料電池"
智慧電動車輛產業推動計畫(2/4)(1402:經濟部工業局),105,電池,鋰電池
能源國家型科技計畫-能源科技產品標準檢測驗證計畫(4/4)(1403:經濟部標準檢驗局),105,電池,"太陽電池,燃料電池"
能源國家型科技計畫—永續能源技術與策略發展應用計畫(1/3)(2001:行政院原子能委員會),105,電池,"太陽電池,燃料電池"
電漿在綠色節能環境之開發與應用(4/4)(2001:行政院原子能委員會),105,電池,太陽電池
能源國家型科技計畫(2/4)-新及再生能源技術研發(8001:石油及能源基金),105,電池,"鋰電池,釩液流電池,太陽電池,燃料電池"
105年度「學界及業界能源科技研究發展計畫」(1/1)(8001:石油及能源基金),105,電池,燃料電池
深度減碳之研發(1/4)(0210:中央研究院),106,電池,"太陽電池,燃料電池"
奈米材料產業技術發展綱要計畫(3/4)(1401:經濟部技術處),106,電池,"鋰電池,燃料電池"
能源國家型科技計畫-能源產業技術發展綱要計畫(4/5)(1401:經濟部技術處),106,電池,"鋰電池,太陽電池,燃料電池"
智慧電動車輛產業推動計畫(3/4)(1402:經濟部工業局),106,電池,鋰電池
推動兩岸標準計量檢驗認證合作計畫(4/4)(1403:經濟部標準檢驗局),106,電池,燃料電池
能源國家型計畫-新興能源產品檢測標準與驗證技術計畫(1/2)(1403:經濟部標準檢驗局),106,電池,"太陽電池,燃料電池"
沙崙綠能科學城-綠能科技示範場域旗艦計畫(1/4)(1405:經濟部能源局),106,電池,"太陽電池,燃料電池"
綠能科技前瞻研究計畫(1/4)(1901:科技部),106,電池,鋰電池
台灣光子源綠能生醫旗艦計畫(1/4)(1901:科技部),106,電池,"鋰電池,燃料電池"
台灣光子源光束線實驗設施建置計畫-第二期(1/4)(1905:財團法人國家同步輻射研究中心),106,電池,"鋰電池,燃料電池"
能源國家型科技計畫—永續能源技術與策略發展應用計畫(2/3)(2001:行政院原子能委員會),106,電池,"太陽電池,燃料電池"
能源國家型科技計畫—新及再生能源技術研發(3/4)(8001:石油及能源基金),106,電池,"鋰電池,釩液流電池,太陽電池,燃料電池"
106年度「業界能源科技研究發展計畫」(1/1)(8001:石油及能源基金),106,電池,燃料電池
工研院創新前瞻技術研究綱要計畫(3/4)(1401:經濟部技術處),107,電池,"鋰電池,太陽電池"
能源國家型科技計畫-能源產業技術發展綱要計畫(5/5)(1401:經濟部技術處),107,電池,"鋰電池,太陽電池,燃料電池"
智慧電動車輛產業推動計畫(4/4)(1402:經濟部工業局),107,電池,鋰電池
沙崙綠能科學城-綠能科技示範場域旗艦計畫(2/4)(1405:經濟部能源局),107,電池,"太陽電池,燃料電池"
沙崙綠能科學城-綠能科技產業化技術驗證平台(1/3)(1405:經濟部能源局),107,電池,"釩液流電池,太陽電池,燃料電池"
建置太陽光電技術平台2年推動計畫(2/2)(1405:經濟部能源局),107,電池,太陽電池
綠能科技創新研究與服務平台計畫(2/4)(1901:科技部),107,電池,鋰電池
台灣光子源光束線實驗設施建置計畫-第二期(2/4)(1905:財團法人國家同步輻射研究中心),107,電池,"鋰電池,燃料電池"
台灣光子源綠能生醫旗艦計畫(2/4)(1905:財團法人國家同步輻射研究中心),107,電池,"鋰電池,燃料電池"
永續能源技術與策略發展應用計畫(3/3)(2001:行政院原子能委員會),107,電池,"太陽電池,燃料電池"
綠能科技深化研發與示範應用計畫(2/4)(2001:行政院原子能委員會),107,電池,"釩液流電池,太陽電池,燃料電池"
能源國家型科技計畫—新及再生能源技術研發(4/4)(8001:石油及能源基金),107,電池,"鋰電池,釩液流電池,太陽電池,燃料電池"
107年度「業界能源科技研究發展計畫」(1/1)(8001:石油及能源基金),107,電池,燃料電池
107年度「再生能源開發與推廣計畫」(1/1)(8001:石油及能源基金),107,電池,燃料電池
中研院南部院區鋰電池儲能系統開發與新世代全固態電池材料研發計畫(1/2)(0210:中央研究院),108,電池,"鋰電池,固態電池"
創新前瞻技術研究綱要計畫(1/4)(1401:經濟部技術處),108,電池,"鋰電池,燃料電池"
能源產業技術研發暨標準檢測與產業能效提升推動計畫(1/4)(1401:經濟部技術處),108,電池,"鋰電池,固態電池"
智能電動車輛產業推動計畫(1/4)(1402:經濟部工業局),108,電池,鋰電池
區域性儲能設備技術示範驗證計畫(3/4)(1405:經濟部能源局),108,電池,"鋰電池,燃料電池"
沙崙綠能科學城-綠能科技示範場域旗艦計畫(3/4)(1405:經濟部能源局),108,電池,"太陽電池,燃料電池"
沙崙綠能科學城-綠能科技產業化技術驗證平台(2/3)(1405:經濟部能源局),108,電池,"釩液流電池,太陽電池,燃料電池"
綠能科技創新研究與服務平台計畫(3/4)(1903:財團法人國家實驗研究院),108,電池,鋰電池
台灣光子源光束線實驗設施建置計畫-第二期(3/4)(1905:財團法人國家同步輻射研究中心),108,電池,"鋰電池,燃料電池"
台灣光子源綠能生醫旗艦計畫(3/4)(1905:財團法人國家同步輻射研究中心),108,電池,"鋰電池,燃料電池"
綠能科技深化研發與示範應用計畫(3/4)(2001:行政院原子能委員會),108,電池,"釩液流電池,太陽電池,燃料電池"
新及再生能源技術研發(1/3)(8001:石油及能源基金),108,電池,"鋰電池,釩液流電池,太陽電池,燃料電池"
108年度「業界能源科技研究發展計畫」(1/1)(8001:石油及能源基金),108,電池,燃料電池
108年度「再生能源開發與推廣計畫」(1/1)(8001:石油及能源基金),108,電池,燃料電池
中研院南部院區鋰電池儲能系統開發與新世代全固態電池材料研發計畫(2/2)(0210:中央研究院),109,電池,"鋰電池,固態電池"
無人載具決策控制關鍵系統技術綱要計畫(2/4)(1401:經濟部技術處),109,電池,"鋰電池,燃料電池"
創新前瞻技術研究綱要計畫(2/4)(1401:經濟部技術處),109,電池,"鋰電池,燃料電池"
中南部雷射關鍵技術暨應用系統發展計畫(原名稱:中南部雷射與金屬產業高值應用暨系統技術發展計畫)(4/4)(1401:經濟部技術處),109,電池,鋰電池
能源產業技術研發暨標準檢測與產業能效提升推動計畫(2/4)(1401:經濟部技術處),109,電池,"鋰電池,固態電池"
工業循環創新技術開發與應用計畫(1/4)(1401:經濟部技術處),109,電池,鋰電池
民生產業特用化學品開發與關鍵製程應用技術綱要計畫(3/4)(1401:經濟部技術處),109,電池,鋰電池
智能電動車輛產業推動計畫(2/4)(1402:經濟部工業局),109,電池,鋰電池
循環經濟創新平台計畫(1/4)(1402:經濟部工業局),109,電池,鋰電池
參與先進國際標準制定、研析國際標準調和國家標準及活絡產業標準(3/4)(1403:經濟部標準檢驗局),109,電池,燃料電池
沙崙綠能科學城-綠能科技示範場域旗艦計畫(4/4)(1405:經濟部能源局),109,電池,"太陽電池,燃料電池"
區域性儲能設備技術示範驗證計畫(4/4)(1405:經濟部能源局),109,電池,"鋰電池,燃料電池"
沙崙綠能科學城-綠能科技產業化技術驗證平台(3/3)(1405:經濟部能源局),109,電池,"釩液流電池,太陽電池,燃料電池"
循環材料之高值化(4/4)(1901:科技部),109,電池,鋰電池
綠能科技聯合研發計畫(2/2)(1901:科技部),109,電池,鋰電池
綠能科技創新研究與服務平台計畫(4/4)(1903:財團法人國家實驗研究院),109,電池,鋰電池
台灣光子源光束線實驗設施建置計畫-第二期(4/4)(1905:財團法人國家同步輻射研究中心),109,電池,"鋰電池,燃料電池"
台灣光子源綠能生醫旗艦計畫(4/4)(1905:財團法人國家同步輻射研究中心),109,電池,"鋰電池,燃料電池"
綠能科技深化研發與示範應用計畫(4/4)(2001:行政院原子能委員會),109,電池,"釩液流電池,太陽電池,燃料電池"
原子能系統工程跨域整合發展計畫(4/4)(2001:行政院原子能委員會),109,電池,鋰電池
109年度「業界能源科技研究發展計畫」(1/1)(8001:石油及能源基金),109,電池,燃料電池
新及再生能源技術研發(2/3)(8001:石油及能源基金),109,電池,"鋰電池,釩液流電池,太陽電池,燃料電池"
109年度「再生能源開發與推廣計畫」(1/1)(8001:石油及能源基金),109,電池,燃料電池
建置分散式區域規模之大型儲能系統，推動綠能產業發展計畫(1/5)(0210:中央研究院),110,電池,"鋰電池,固態電池"
民生產業特用化學品開發與關鍵製程應用技術綱要計畫(4/4)(1401:經濟部技術處),110,電池,鋰電池
創新前瞻技術研究綱要計畫(3/4)(1401:經濟部技術處),110,電池,"鋰電池,燃料電池"
能源產業技術研發暨標準檢測與產業能效提升推動計畫(3/4)(1401:經濟部技術處),110,電池,"鋰電池,固態電池"
無人載具決策控制關鍵系統技術綱要計畫(3/4)(1401:經濟部技術處),110,電池,"鋰電池,燃料電池"
推動智慧機械與智慧製造產業發展計畫(1/4)(1402:經濟部工業局),110,電池,鋰電池
循環經濟創新領導計畫(2/4)(1402:經濟部工業局),110,電池,鋰電池
智慧電動巴士DMIT計畫(1/5)(1402:經濟部工業局),110,電池,固態電池
參與先進國際標準制定、研析國際標準調和國家標準及活絡產業標準(4/4)(1403:經濟部標準檢驗局),110,電池,燃料電池
綠能科技聯合研發計畫(1/2)(1901:科技部),110,電池,鋰電池
台灣光子源光束線實驗設施建置計畫(1/6)-第三期(1905:財團法人國家同步輻射研究中心),110,電池,"鋰電池,燃料電池"
綠能產業應用技術發展計畫(1/4)(2001:行政院原子能委員會),110,電池,燃料電池
綠能發配電智慧管理與效能提升技術發展計畫(1/5)(2001:行政院原子能委員會),110,電池,鋰電池
110年度「新及再生能源技術研發」(3/3)(8001:石油及能源基金),110,電池,"鋰電池,釩液流電池,太陽電池,燃料電池"
110年度「再生能源開發與推廣計畫」(1/1)(8001:石油及能源基金),110,電池,燃料電池
儲能系統與智慧家庭能源管理系統標準檢測驗證能量建置計畫(1/4)(8001:石油及能源基金),110,電池,鋰電池
E化領域科技發展綱要計畫(2/4)(2101:行政院農業委員會),103,智慧農業,資訊管理
E化領域科技發展綱要計畫(3/4)(2101:行政院農業委員會),104,智慧農業,資訊管理
E化領域科技發展綱要計畫(4/4)-發展智慧農業物聯網與數位多元服務(2101:行政院農業委員會),105,智慧農業,資訊管理
E化領域科技發展綱要計畫書(1/4)-強化農業數位多元服務(2101:行政院農業委員會),106,智慧農業,資訊管理
智慧農業4.0計畫(1/4)(2101:行政院農業委員會),106,智慧農業,"關鍵技術,場域建置,人才培育"
智慧科技於農業生產之應用(1/4)(1901:科技部),107,智慧農業,"關鍵技術,場域建置,人才培育,國際合作"
E化領域科技發展綱要計畫(2/4)-強化農業數位多元服務(2101:行政院農業委員會),107,智慧農業,資訊管理
智慧農業4.0計畫(2/4)(2101:行政院農業委員會),107,智慧農業,"關鍵技術,場域建置,人才培育"
建立農業生產資源及生態環境友善管理新模式(1/4)(2101:行政院農業委員會),107,智慧農業,"資訊管理,產消溝通"
新學校午餐創新推動計畫(1/4)(1201:教育部),108,智慧農業,"資訊管理,產消溝通"
智慧科技於農業生產之應用(2/4)(1901:科技部),108,智慧農業,"關鍵技術,場域建置,人才培育,國際合作"
智慧農業4.0計畫(3/4)(2101:行政院農業委員會),108,智慧農業,"關鍵技術,場域建置,人才培育"
E化領域科技發展綱要計畫書(3/4)(2101:行政院農業委員會),108,智慧農業,資訊管理
建立農業生產資源及生態環境友善管理新模式(2/4)(2101:行政院農業委員會),108,智慧農業,"資訊管理,產消溝通"
農業環境感測融合、人工智慧(AI)暨農業機械整合支援系統技術發展計畫(1/4)(2101:行政院農業委員會),108,智慧農業,"關鍵技術,資訊管理"
新學校午餐創新推動計畫(2/4)(1201:教育部),109,智慧農業,"資訊管理,產消溝通"
智慧科技於農業生產之應用(3/4)(1901:科技部),109,智慧農業,"關鍵技術,場域建置,人才培育,國際合作"
智慧農業計畫(4/6)(2101:行政院農業委員會),109,智慧農業,"關鍵技術,場域建置,人才培育"
建立農業生產資源及生態環境友善管理新模式(3/4)(2101:行政院農業委員會),109,智慧農業,"資訊管理,產消溝通"
E化領域科技發展綱要計畫(4/4)-強化農業資通訊發展(2101:行政院農業委員會),109,智慧農業,資訊管理
新學校午餐創新推動計畫(3/4)(1201:教育部),110,智慧農業,"資訊管理,產消溝通"
智慧科技於農業生產之應用(4/4)(1901:科技部),110,智慧農業,"關鍵技術,場域建置,人才培育,國際合作"
智慧農業計畫(5/6)(2101:行政院農業委員會),110,智慧農業,"關鍵技術,場域建置,人才培育"
建立農業生產資源及生態環境友善管理新模式(4/4)(2101:行政院農業委員會),110,智慧農業,"資訊管理,產消溝通"
雲世代產業數位轉型-農漁產銷與農機創新營運計畫(1/4)(2101:行政院農業委員會),110,智慧農業,"資訊管理,產消溝通"
農業物聯網發展計畫(1/5)(2101:行政院農業委員會),110,智慧農業,"關鍵技術,資訊管理"
建構國際級偏鄉數位資訊醫療照護網(1/4)(0324:衛生福利部),103,5G,頻譜釋照專網規劃
網路通訊領域關鍵技術綱要計畫(1/4)(1401:經濟部技術處),103,5G,"核心技術資安防護,頻譜釋照專網規劃"
智慧資訊系統技術發展綱要計畫(1/4)(1401:經濟部技術處),103,5G,"場域,核心技術資安防護"
資訊電子產業科技發展綱要計畫(4/4)(1401:經濟部技術處),103,5G,核心技術資安防護
新一代寬頻通訊與創新應用發展計畫(1/4)(1402:經濟部工業局),103,5G,"核心技術資安防護,頻譜釋照專網規劃"
全球產業合作推動及商務科技化示範應用計畫(2/4)(1402:經濟部工業局),103,5G,頻譜釋照專網規劃
網路通訊國際標準分析及參與制定(1/4)(1403:經濟部標準檢驗局),103,5G,環境建構
中小企業資通訊加值應用計畫(3/4)(1409:經濟部中小企業處),103,5G,"環境建構,核心技術資安防護"
區域交通控制中心雲端化(3/4)(1501:交通部科技顧問室),103,5G,場域
網際網路通訊協定升級推動計畫(2/4)(1506:交通部郵電司),103,5G,核心技術資安防護
加速行動寬頻服務及產業發展計畫(1/3)-流行音樂及影視內容數位互動提升計畫(0307:文化部),104,5G,核心技術資安防護
加速行動寬頻服務及產業發展計畫(1/3)-故宮4G行動博物館(0308:國立故宮博物院),104,5G,"環境建構,核心技術資安防護"
建構國際級偏鄉數位資訊醫療照護網(2/4)(0324:衛生福利部),104,5G,頻譜釋照專網規劃
加速行動寬頻服務及產業發展計畫(1/3)-推動4G遠距智慧健康照護服務(0324:衛生福利部),104,5G,頻譜釋照專網規劃
加速行動寬頻服務及產業發展計畫(1/3)-建構原住民族地區無線寬頻環境計畫(0397:原住民族委員會),104,5G,場域
智慧化環境科技發展推廣計畫(1/4)(0803:內政部建築研究所),104,5G,"場域,環境建構"
加速行動寬頻服務及產業發展計畫(1/2)-4G行動通訊資料分析計畫(0805:內政部警政署),104,5G,環境建構
資通訊軟體創新人才推升計畫(1/4)(1201:教育部),104,5G,環境建構
加速行動寬頻服務及產業發展計畫(1/3)-行動寬頻尖端技術人才培育(1201:教育部),104,5G,環境建構
加速行動寬頻服務及產業發展計畫(1/3)-推廣校園4G創新應用服務(1201:教育部),104,5G,環境建構
加速行動寬頻服務及產業發展計畫(1/1)-因應4G 臨時通訊監察後端系統功能提昇專案(1301:法務部),104,5G,頻譜釋照專網規劃
網路通訊領域關鍵技術綱要計畫(2/4)(1401:經濟部技術處),104,5G,"核心技術資安防護,頻譜釋照專網規劃"
科技服務系統研發、實證與美學設計加值綱要計畫(1/4)(1401:經濟部技術處),104,5G,場域
智慧資訊系統技術發展綱要計畫(2/4)(1401:經濟部技術處),104,5G,"場域,核心技術資安防護"
加速行動寬頻服務及產業發展計畫(1/3)-發展4G先進商業模式－智慧園區/智慧商圈/智慧交通(1401:經濟部技術處),104,5G,場域
加速行動寬頻服務及產業發展計畫(1/3)-研發行動寬頻新興技術(1401:經濟部技術處),104,5G,頻譜釋照專網規劃
新一代寬頻通訊與創新應用發展計畫(2/4)(1402:經濟部工業局),104,5G,"核心技術資安防護,頻譜釋照專網規劃"
全球產業合作推動及商務科技化示範應用計畫(3/4)(1402:經濟部工業局),104,5G,頻譜釋照專網規劃
加速行動寬頻服務及產業發展計畫(1/3)-構建4G智慧寬頻應用城市(1402:經濟部工業局),104,5G,"核心技術資安防護,頻譜釋照專網規劃"
網路通訊國際標準分析及參與制定(2/4)(1403:經濟部標準檢驗局),104,5G,環境建構
中小企業資通訊加值應用計畫(4/4)(1409:經濟部中小企業處),104,5G,"環境建構,核心技術資安防護"
加速行動寬頻服務及產業發展計畫(1/3)-推動中小企業4G行動商務應用服務計畫(1409:經濟部中小企業處),104,5G,場域
區域交通控制中心雲端化(4/4)(1501:交通部科技顧問室),104,5G,場域
網際網路通訊協定升級推動計畫(3/4)(1506:交通部郵電司),104,5G,核心技術資安防護
加速行動寬頻服務及產業發展計畫(1/3)-我國3G頻譜屆期釋出規劃及B4G/5G規範與發展研究(1506:交通部郵電司),104,5G,頻譜釋照專網規劃
下世代無線通訊毫米波射頻前端電路設計/製造/量測技術發展(1/4)(1903:財團法人國家實驗研究院),104,5G,頻譜釋照專網規劃
加速行動寬頻服務及產業發展計畫(1/2)-建置基站資安檢測環境(3001:國家通訊傳播委員會),104,5G,核心技術資安防護
加速行動寬頻服務及產業發展計畫(1/2)-建置新世代電波監測系統(3001:國家通訊傳播委員會),104,5G,頻譜釋照專網規劃
加速行動寬頻服務及產業發展計畫(1/2)-推動共構共站行動通訊平臺(3001:國家通訊傳播委員會),104,5G,頻譜釋照專網規劃
加速行動寬頻服務及產業發展計畫(1/2)-加速無線寬頻網路基礎建設暨電磁波宣導(3001:國家通訊傳播委員會),104,5G,"核心技術資安防護,頻譜釋照專網規劃"
文物高精密科學檢測技術研發應用暨實驗室建置計畫(4/4)(0308:國立故宮博物院),105,5G,核心技術資安防護
加速行動寬頻服務及產業發展計畫(2/3)-故宮4G行動博物館(0308:國立故宮博物院),105,5G,"環境建構,核心技術資安防護"
建構國際級偏鄉數位資訊醫療照護網(3/4)(0324:衛生福利部),105,5G,頻譜釋照專網規劃
加速行動寬頻服務及產業發展計畫(2/3)-推動4G遠距智慧健康照護服務(0324:衛生福利部),105,5G,頻譜釋照專網規劃
加速行動寬頻服務及產業發展計畫(2/3)-客庄智慧樂活4G應用服務計畫(0399:客家委員會),105,5G,環境建構
智慧化環境科技發展推廣計畫(2/4)(0803:內政部建築研究所),105,5G,"場域,環境建構"
加速行動寬頻服務及產業發展計畫(2/3)-4G行動通訊資料分析計畫(0805:內政部警政署),105,5G,環境建構
資通訊軟體創新人才推升計畫(2/4)(1201:教育部),105,5G,環境建構
加速行動寬頻服務及產業發展計畫(2/3)-行動寬頻尖端技術人才培育(1201:教育部),105,5G,環境建構
加速行動寬頻服務及產業發展計畫(2/3)-推廣校園4G創新應用服務(1201:教育部),105,5G,環境建構
智慧資訊系統技術發展綱要計畫(3/4)(1401:經濟部技術處),105,5G,"場域,核心技術資安防護"
網路通訊領域關鍵技術綱要計畫(3/4)(1401:經濟部技術處),105,5G,"核心技術資安防護,頻譜釋照專網規劃"
科技服務系統研發、實證與美學設計加值綱要計畫(2/4)(1401:經濟部技術處),105,5G,場域
加速行動寬頻服務及產業發展計畫(2/3)-建置4G+網路接取與應用測試環境計畫(1401:經濟部技術處),105,5G,"場域,核心技術資安防護"
加速行動寬頻服務及產業發展計畫(2/3)-研發行動寬頻新興技術(1401:經濟部技術處),105,5G,頻譜釋照專網規劃
加速行動寬頻服務及產業發展計畫(2/3)-4G先進商務模式發展計畫(1401:經濟部技術處),105,5G,"場域,環境建構"
新一代寬頻通訊與創新應用發展計畫(3/4)(1402:經濟部工業局),105,5G,"核心技術資安防護,頻譜釋照專網規劃"
全球產業合作推動及商務科技化示範應用計畫(4/4)(1402:經濟部工業局),105,5G,頻譜釋照專網規劃
加速行動寬頻服務及產業發展計畫(2/3)-構建4G智慧寬頻應用城鄉(1402:經濟部工業局),105,5G,"場域,核心技術資安防護,頻譜釋照專網規劃"
網路通訊國際標準分析及參與制定(3/4)(1403:經濟部標準檢驗局),105,5G,環境建構
全通路智慧加值共通應用平台推動計畫(1/4)(1404:經濟部商業司),105,5G,"場域,環境建構"
加速行動寬頻服務及產業發展計畫(2/3)-推動中小企業4G行動商務應用服務計畫(1409:經濟部中小企業處),105,5G,場域
網際網路通訊協定升級推動計畫(4/4)(1506:交通部郵電司),105,5G,核心技術資安防護
加速行動寬頻服務及產業發展計畫(2/3)-我國3G頻譜屆期釋出規劃及B4G/5G規範與發展研究(1506:交通部郵電司),105,5G,頻譜釋照專網規劃
加速行動寬頻服務及產業發展計畫(1/1)-穿戴式裝置小蘋果園計畫(1901:科技部),105,5G,"場域,環境建構"
加速行動寬頻服務及產業發展計畫(1/1)-下世代前瞻技術開發與應用(1901:科技部),105,5G,頻譜釋照專網規劃
加速行動寬頻服務及產業發展計畫(1/1)-災害訊息廣播平台系統建置(1901:科技部),105,5G,場域
下世代無線通訊毫米波射頻前端電路設計/製造/量測技術發展(2/4)(1903:財團法人國家實驗研究院),105,5G,頻譜釋照專網規劃
E化領域科技發展綱要計畫(4/4)-發展智慧農業物聯網與數位多元服務(2101:行政院農業委員會),105,5G,"場域,核心技術資安防護"
加速行動寬頻服務及產業發展計畫(2/3)-建置新世代電波監測系統(3001:國家通訊傳播委員會),105,5G,頻譜釋照專網規劃
加速行動寬頻服務及產業發展計畫(2/3)-建置基站資安檢測環境(3001:國家通訊傳播委員會),105,5G,核心技術資安防護
加速行動寬頻服務及產業發展計畫(2/3)-加速無線寬頻網路基礎建設暨電磁波溝通平臺(3001:國家通訊傳播委員會),105,5G,"核心技術資安防護,頻譜釋照專網規劃"
加速行動寬頻服務及產業發展計畫-流行音樂及影視內容數位互動提升計畫(3/3)(0307:文化部),106,5G,核心技術資安防護
加速行動寬頻服務及產業發展計畫(3/3)-故宮4G行動博物館(3/3)(0308:國立故宮博物院),106,5G,"環境建構,核心技術資安防護"
建構國際級偏鄉數位資訊醫療照護網(4/4)(0324:衛生福利部),106,5G,頻譜釋照專網規劃
加速行動寬頻服務及產業發展計畫(3/3)-建構原住民族地區無線寬頻環境計畫(0397:原住民族委員會),106,5G,場域
加速行動寬頻服務及產業發展計畫(3/3)-智慧客家樂活4G應用服務計畫(0399:客家委員會),106,5G,場域
智慧化環境科技發展推廣計畫(3/4)(0803:內政部建築研究所),106,5G,"場域,環境建構"
加速行動寬頻服務及產業發展計畫(3/3)-推廣校園4G創新應用服務(1201:教育部),106,5G,環境建構
加速行動寬頻服務及產業發展計畫(3/3)-行動寬頻尖端技術人才培育(1201:教育部),106,5G,環境建構
資通訊軟體創新人才推升計畫(3/4)(1201:教育部),106,5G,環境建構
網路通訊領域關鍵技術綱要計畫(4/4)(1401:經濟部技術處),106,5G,"核心技術資安防護,頻譜釋照專網規劃"
加速行動寬頻服務及產業發展計畫(3/3)-研發行動寬頻新興技術(1401:經濟部技術處),106,5G,頻譜釋照專網規劃
加速行動寬頻服務及產業發展計畫(3/3)-建置4G+網路接取與應用測試環境(1401:經濟部技術處),106,5G,"場域,核心技術資安防護"
5G產業技術拔尖計畫(1/4)(1401:經濟部技術處),106,5G,"場域,環境建構,核心技術資安防護"
加速行動寬頻服務及產業發展計畫(3/3)-4G先進商務模式發展計畫(1401:經濟部技術處),106,5G,"場域,環境建構"
智慧資訊系統技術發展綱要計畫(4/4)(1401:經濟部技術處),106,5G,"場域,核心技術資安防護"
科技服務系統研發、實證與美學設計加值綱要計畫(3/4)(1401:經濟部技術處),106,5G,場域
5G通訊系統與應用旗艦計畫(1/4)(1401:經濟部技術處),106,5G,"核心技術資安防護,頻譜釋照專網規劃"
加速行動寬頻服務及產業發展計畫-構建4G智慧寬頻應用城鄉(3/3)(1402:經濟部工業局),106,5G,"場域,核心技術資安防護,頻譜釋照專網規劃"
新一代寬頻通訊與創新應用發展計畫(4/4)(1402:經濟部工業局),106,5G,"核心技術資安防護,頻譜釋照專網規劃"
智慧機械創新產業推動計畫(1/4)(1402:經濟部工業局),106,5G,環境建構
網路通訊國際標準分析及參與制定(4/4)(1403:經濟部標準檢驗局),106,5G,環境建構
加速行動寬頻服務及產業發展計畫(3/3)-推動中小企業4G行動商務應用服務計畫(1409:經濟部中小企業處),106,5G,場域
加速行動寬頻服務及產業發展計畫(3/3)-前瞻通訊網路技術開發與應用(1/1)(1901:科技部),106,5G,"環境建構,核心技術資安防護"
下世代無線通訊毫米波射頻前端電路設計/製造/量測技術發展(3/4)(1903:財團法人國家實驗研究院),106,5G,頻譜釋照專網規劃
優質物聯網人才培育和新創職場安全健康服務產業推廣計畫(1/4)(2201:勞動部),106,5G,環境建構
智慧化環境科技發展推廣計畫(4/4)(0803:內政部建築研究所),107,5G,"場域,環境建構"
5G行動寬頻人才培育計畫(1/3)(1201:教育部),107,5G,環境建構
強化數位教學暨學習資訊應用環境計畫(2/4)(1201:教育部),107,5G,場域
科技服務系統研發、實證與美學設計加值綱要計畫(4/4)(1401:經濟部技術處),107,5G,場域
5G產業技術拔尖計畫(2/4)(1401:經濟部技術處),107,5G,"場域,環境建構,核心技術資安防護"
5G通訊系統與應用旗艦計畫(2/4)(1401:經濟部技術處),107,5G,"核心技術資安防護,頻譜釋照專網規劃"
智慧機械創新產業推動計畫(2/4)(1402:經濟部工業局),107,5G,環境建構
普及智慧城鄉生活應用計畫(1/3)(1402:經濟部工業局),107,5G,場域
5G/B5G 無線通訊網路技術研發計畫(1/3)(1901:科技部),107,5G,"環境建構,核心技術資安防護"
下世代無線通訊毫米波射頻前端電路設計/製造/量測技術發展(4/4)(1903:財團法人國家實驗研究院),107,5G,頻譜釋照專網規劃
優質物聯網人才培育和新創職場安全健康服務產業推廣計畫(2/4)(2201:勞動部),107,5G,環境建構
5G行動寬頻人才培育計畫(2/3)(1201:教育部),108,5G,環境建構
強化數位教學暨學習資訊應用環境計畫(3/4)(1201:教育部),108,5G,場域
5G產業技術拔尖計畫 (3/4)(1401:經濟部技術處),108,5G,"場域,環境建構,核心技術資安防護"
5G通訊系統與應用旗艦計畫(3/4)(1401:經濟部技術處),108,5G,"核心技術資安防護,頻譜釋照專網規劃"
智慧機械創新產業推動計畫(3/4)(1402:經濟部工業局),108,5G,環境建構
普及智慧城鄉生活應用計畫(2/3)(1402:經濟部工業局),108,5G,場域
5G/B5G無線通訊網路技術研發計畫(2/3)(1901:科技部),108,5G,"環境建構,核心技術資安防護"
優質物聯網人才培育和新創職場安全健康服務產業推廣計畫(3/4)(2201:勞動部),108,5G,環境建構
新世代5G及物聯網智慧管理與網路治理研究計畫(1/1)(3001:國家通訊傳播委員會),108,5G,環境建構
5G行動寬頻人才培育計畫(3/3)(1201:教育部),109,5G,環境建構
強化數位教學暨學習資訊應用環境計畫(4/4)(1201:教育部),109,5G,場域
B5G前瞻系統關鍵技術開發計畫(1/4)(1401:經濟部技術處),109,5G,核心技術資安防護
5G+系統暨應用淬鍊計畫(1/4)(1401:經濟部技術處),109,5G,"環境建構,核心技術資安防護"
智慧機械創新產業推動計畫(4/4)(1402:經濟部工業局),109,5G,環境建構
普及智慧城鄉生活應用計畫(3/3)(1402:經濟部工業局),109,5G,場域
5G+產業生態鏈推動計畫(1/4)(1402:經濟部工業局),109,5G,"環境建構,核心技術資安防護"
虛擬商務應用服務先期研究計畫(1/4)(1404:經濟部商業司),109,5G,場域
推動5G定向育成加速器計畫(1/4)(1409:經濟部中小企業處),109,5G,環境建構
5G/B5G無線通訊網路技術研發計畫(3/3)(1901:科技部),109,5G,"環境建構,核心技術資安防護"
優質物聯網人才培育和創新職場安全健康服務產業推廣計畫(4/4)(2201:勞動部),109,5G,環境建構
推動5G垂直應用場域實證、法規調適與網路資安之防護研析計畫(1/3)(3001:國家通訊傳播委員會),109,5G,"場域,核心技術資安防護"
警消微波網路系統移頻計畫(1/4)(0805:內政部警政署),110,5G,頻譜釋照專網規劃
5G智慧警察行動服務計畫(1/3)(0805:內政部警政署),110,5G,核心技術資安防護
5G行動寬頻人才培育計畫(1/2)(1201:教育部),110,5G,環境建構
校園5G示範教室與學習載具計畫(1/5)(1201:教育部),110,5G,場域
B5G前瞻系統關鍵技術開發計畫 (2/4)(1401:經濟部技術處),110,5G,核心技術資安防護
5G+系統暨應用淬鍊計畫(2/4)(1401:經濟部技術處),110,5G,"環境建構,核心技術資安防護"
文化科技5G創新垂直應用場域建構及營運計畫(1/4)(1401:經濟部技術處),110,5G,環境建構
5G資安防護系統開發計畫(1/4)(1401:經濟部技術處),110,5G,核心技術資安防護
5G+產業生態鏈推動計畫(2/4)(1402:經濟部工業局),110,5G,"環境建構,核心技術資安防護"
普及智慧城鄉生活應用計畫(1/5)(1402:經濟部工業局),110,5G,場域
虛擬商務應用服務推動計畫(2/4)(1404:經濟部商業司),110,5G,場域
推動5G定向育成加速器計畫(2/4)(1409:經濟部中小企業處),110,5G,環境建構
擴大中小企業5G創新服務應用計畫(1/5)(1409:經濟部中小企業處),110,5G,環境建構
5G帶動智慧交通技術與服務創新及產業發展計畫(1/5)(1501:交通部科技顧問室),110,5G,場域
推動5G提升智慧交通服務效能與安全計畫(1/5)(1503:交通部運輸研究所),110,5G,場域
5G/B5G電信資源整備及通訊網路發展研究計畫(1/4)(1506:交通部郵電司),110,5G,環境建構
海纜及5G雲端聯網中心建置計畫(1/5)(1901:科技部),110,5G,環境建構
亞洲．矽谷5G創新應用計畫(1/5)(2901:國家發展委員會),110,5G,場域
推動5G垂直應用場域實證、法規調適與網路資安之防護研析計畫(1/4)(3001:國家通訊傳播委員會),110,5G,"場域,核心技術資安防護"
5G及物聯網資安防護 - 健全電信資安防護設備建置計畫(1/4)(3001:國家通訊傳播委員會),110,5G,核心技術資安防護
補助5G網路建設計畫(1/5)(3001:國家通訊傳播委員會),110,5G,核心技術資安防護
5G釋照作業規劃及頻譜整備改善措施計畫(1/5)(3001:國家通訊傳播委員會),110,5G,頻譜釋照專網規劃
健康雲2.0(1/4)(0324:衛生福利部),106,精準醫療與精準健康,資料建置治理
亞太生醫矽谷精準醫療旗艦計畫(1/4)(0324:衛生福利部),106,精準醫療與精準健康,"資料建置治理,疾病預測及診斷"
創新診療暨影像醫學用醫療器材關鍵技術開發計畫(1/4)(1401:經濟部技術處),106,精準醫療與精準健康,"疾病預測及診斷,疾病治療及照護"
精準治療之前瞻研究與系統建置計畫(1/4)(1401:經濟部技術處),106,精準醫療與精準健康,"疾病預測及診斷,疾病治療及照護"
再生醫學科技發展計畫(1/4)(1901:科技部),106,精準醫療與精準健康,"疾病預測及診斷,政策法規調適"
發展新世代台灣癌症之精準醫療路徑圖(1/4)(0210:中央研究院),107,精準醫療與精準健康,"資料建置治理,疾病預測及診斷"
健康雲2.0(2/4)(0324:衛生福利部),107,精準醫療與精準健康,資料建置治理
亞太生醫矽谷精準醫療旗艦計畫(2/4)(0324:衛生福利部),107,精準醫療與精準健康,"資料建置治理,疾病預測及診斷"
生醫產業與新農業跨領域人才培育計畫(1/4)(1201:教育部),107,精準醫療與精準健康,培育人才及新創
創新診療暨影像醫學用醫療器材關鍵技術開發計畫(2/4)(1401:經濟部技術處),107,精準醫療與精準健康,"疾病預測及診斷,疾病治療及照護"
精準治療之前瞻研究與系統建置計畫(2/4)(1401:經濟部技術處),107,精準醫療與精準健康,"疾病預測及診斷,疾病治療及照護"
再生醫學科技發展計畫(2/4)(1901:科技部),107,精準醫療與精準健康,"疾病預測及診斷,政策法規調適"
生醫產業創新推動方案執行中心暨商品化中心計畫(1/4)(1901:科技部),107,精準醫療與精準健康,"培育人才及新創,政策法規調適"
臺灣人體生物資料庫(8/12)(0210:中央研究院),108,精準醫療與精準健康,"資料建置治理,疾病預測及診斷"
發展新世代台灣癌症之精準醫療路徑圖(2/4)(0210:中央研究院),108,精準醫療與精準健康,"資料建置治理,疾病預測及診斷"
健康雲2.0(3/4)(0324:衛生福利部),108,精準醫療與精準健康,資料建置治理
亞太生醫矽谷精準醫療旗艦計畫(3/4)(0324:衛生福利部),108,精準醫療與精準健康,"資料建置治理,疾病預測及診斷"
新竹生物醫學園區計畫-新竹生醫園區分院(1/5)-108科技預算(1201:教育部),108,精準醫療與精準健康,"資料建置治理,疾病治療及照護"
生醫產業與新農業跨領域人才培育計畫(2/4)(1201:教育部),108,精準醫療與精準健康,培育人才及新創
創新診療暨影像醫學用醫療器材關鍵技術開發計畫(3/4)(1401:經濟部技術處),108,精準醫療與精準健康,"疾病預測及診斷,疾病治療及照護"
新穎性腫瘤微環境及國人重大疾病標靶藥物與醫材暨組織修復工程開發計畫(1/4)(1401:經濟部技術處),108,精準醫療與精準健康,"疾病預測及診斷,疾病治療及照護,政策法規調適"
精準治療之前瞻研究與系統建置計畫(3/4)(1401:經濟部技術處),108,精準醫療與精準健康,"疾病預測及診斷,疾病治療及照護"
再生醫學科技發展計畫(3/4)(1901:科技部),108,精準醫療與精準健康,"疾病預測及診斷,政策法規調適"
完善生醫生態體系創新發展計畫(2/4)(1901:科技部),108,精準醫療與精準健康,"培育人才及新創,政策法規調適"
台灣腦科技發展及國際躍升計畫(1/4)(1901:科技部),108,精準醫療與精準健康,"疾病預測及診斷,疾病治療及照護"
醫療器材產業加速新創與躍升國際推動計畫(1/4)(1921:科學園區管理局),108,精準醫療與精準健康,"培育人才及新創,政策法規調適"
發展新世代台灣癌症之精準醫療路徑圖(3/4)(0210:中央研究院),109,精準醫療與精準健康,"資料建置治理,疾病預測及診斷"
開創蛋白質醫學及生技產業(1/4)(0210:中央研究院),109,精準醫療與精準健康,"疾病預測及診斷,疾病治療及照護"
生醫轉譯及新藥研發計畫(1/4)(0210:中央研究院),109,精準醫療與精準健康,"疾病預測及診斷,疾病治療及照護"
臺灣人體生物資料庫(9/12)(0210:中央研究院),109,精準醫療與精準健康,"資料建置治理,疾病預測及診斷"
亞太生醫矽谷精準醫療旗艦計畫(4/4)(0324:衛生福利部),109,精準醫療與精準健康,"資料建置治理,疾病預測及診斷"
建置國家級人體生物資料庫整合平台(1/4)(0324:衛生福利部),109,精準醫療與精準健康,資料建置治理
新興生醫臨床試驗提升計畫(1/4)(0324:衛生福利部),109,精準醫療與精準健康,"疾病預測及診斷,政策法規調適"
健康雲2.0(4/4)(0324:衛生福利部),109,精準醫療與精準健康,資料建置治理
新竹生物醫學園區計畫-新竹生醫園區分院(2/5)-109科技預算(1201:教育部),109,精準醫療與精準健康,"資料建置治理,疾病治療及照護"
生醫產業與新農業跨領域人才培育計畫(3/4)(1201:教育部),109,精準醫療與精準健康,培育人才及新創
新穎性腫瘤微環境標靶藥物開發計畫(2/4)(1401:經濟部技術處),109,精準醫療與精準健康,"疾病預測及診斷,疾病治療及照護,政策法規調適"
精準治療之前瞻研究與系統建置計畫(4/4)(1401:經濟部技術處),109,精準醫療與精準健康,"疾病預測及診斷,疾病治療及照護"
醫療器材系統與關鍵技術發展綱要計畫(原「創新診療暨影像醫學用醫療器材關鍵技術開發計畫」)(1/4)(1401:經濟部技術處),109,精準醫療與精準健康,"疾病預測及診斷,疾病治療及照護"
生技醫藥產業創新與國際化推動計畫(1/4)(1402:經濟部工業局),109,精準醫療與精準健康,"培育人才及新創,政策法規調適"
台灣腦科技發展及國際躍升計畫(2/4)(1901:科技部),109,精準醫療與精準健康,"疾病預測及診斷,疾病治療及照護"
完善生醫生態體系創新發展計畫(3/4)(1901:科技部),109,精準醫療與精準健康,"培育人才及新創,政策法規調適"
再生醫學科技發展計畫(4/4)(1901:科技部),109,精準醫療與精準健康,"疾病預測及診斷,政策法規調適"
臨床資料庫與AI之跨域開發及加值應用(1/4)(1901:科技部),109,精準醫療與精準健康,"疾病預測及診斷,疾病治療及照護"
醫療器材產業加速新創與躍升國際推動計畫(2/4)(1921:科學園區管理局),109,精準醫療與精準健康,"培育人才及新創,政策法規調適"
國家生技研究園區次世代治療方法轉譯計畫(1/4)(0210:中央研究院),110,精準醫療與精準健康,"疾病預測及診斷,培育人才及新創"
開創蛋白質醫學及生技產業(2/4)(0210:中央研究院),110,精準醫療與精準健康,"疾病預測及診斷,疾病治療及照護"
生醫轉譯及新藥研發計畫(2/4)(0210:中央研究院),110,精準醫療與精準健康,"疾病預測及診斷,疾病治療及照護"
臺灣人體生物資料庫(10/12)(0210:中央研究院),110,精準醫療與精準健康,"資料建置治理,疾病預測及診斷"
發展新世代台灣癌症之精準醫療路徑圖(4/4)(0210:中央研究院),110,精準醫療與精準健康,"資料建置治理,疾病預測及診斷"
新興傳染病防治及重大疾病研發計畫暨生技創新學苑(1/4)(0210:中央研究院),110,精準醫療與精準健康,"疾病預測及診斷,疾病治療及照護,培育人才及新創"
新興生醫臨床試驗提升計畫(2/4)(0324:衛生福利部),110,精準醫療與精準健康,"疾病預測及診斷,政策法規調適"
智慧健康雲(1/4)(0324:衛生福利部),110,精準醫療與精準健康,資料建置治理
台灣罕病及難症之診斷治療與藥物開發(1/4)(0324:衛生福利部),110,精準醫療與精準健康,"資料建置治理,疾病預測及診斷,疾病治療及照護"
建置國家級人體生物資料庫整合平台(2/4)(0324:衛生福利部),110,精準醫療與精準健康,資料建置治理
健康大數據永續平台(1/4)(0324:衛生福利部),110,精準醫療與精準健康,"資料建置治理,疾病預測及診斷,疾病治療及照護,政策法規調適"
開發新穎多面向細胞及基因治療策略：由關鍵技術平台至臨床試驗(1/4)(0324:衛生福利部),110,精準醫療與精準健康,疾病治療及照護
新竹生物醫學園區計畫-新竹生醫園區分院(3/5)-110科技預算(1201:教育部),110,精準醫療與精準健康,"資料建置治理,疾病治療及照護"
生醫產業與新農業跨領域人才培育計畫(4/4)(1201:教育部),110,精準醫療與精準健康,培育人才及新創
新穎性腫瘤微環境標靶藥物開發計畫(3/4)(1401:經濟部技術處),110,精準醫療與精準健康,"疾病預測及診斷,疾病治療及照護,政策法規調適"
新世代癌症免疫治療生物藥品開發四年計畫(1/4)(1401:經濟部技術處),110,精準醫療與精準健康,疾病治療及照護
醫療器材系統與關鍵技術發展綱要計畫(2/4)(1401:經濟部技術處),110,精準醫療與精準健康,"疾病預測及診斷,疾病治療及照護"
生技醫藥產業創新與國際化推動計畫(2/4)(1402:經濟部工業局),110,精準醫療與精準健康,"培育人才及新創,政策法規調適"
創新製藥產業鏈結國際競爭力推升計畫(1/4)(1402:經濟部工業局),110,精準醫療與精準健康,"培育人才及新創,政策法規調適"
台灣腦科技發展及國際躍升計畫(3/4)(1901:科技部),110,精準醫療與精準健康,"疾病預測及診斷,疾病治療及照護"
完善生醫生態體系創新發展計畫(4/4)(1901:科技部),110,精準醫療與精準健康,"培育人才及新創,政策法規調適"
臨床資料庫與AI之跨域開發及加值應用(2/4)(1901:科技部),110,精準醫療與精準健康,"疾病預測及診斷,疾病治療及照護"
醫療器材產業加速新創與躍升國際推動計畫(3/4)(1921:科學園區管理局),110,精準醫療與精準健康,"培育人才及新創,政策法規調適"
科技應用與服務發展綱要計畫(4/4)(1401:經濟部技術處),103,創新創業,產業輔導
業/學界科技專案綱要計畫(4/4)(1401:經濟部技術處),103,創新創業,研發與育成補助
我國產業政策研究規劃及推動計畫(4/4)(1402:經濟部工業局),103,創新創業,政策建議與法規調適
技術服務業發展計畫(2/4)(1402:經濟部工業局),103,創新創業,產業輔導
服務業創新研發計畫(1/4)(1404:經濟部商業司),103,創新創業,研發與育成補助
中小企業群聚創新整合服務優值計畫(3/4)(1409:經濟部中小企業處),103,創新創業,產業輔導
協助國內企業延攬海外科技人才計畫(3/9)(1410:經濟部投資業務處),103,創新創業,人才培育
創新產學合作計畫(1/4)(1901:科技部),103,創新創業,"人才培育,產業輔導"
科技服務系統研發、實證與美學設計加值綱要計畫(1/4)(1401:經濟部技術處),104,創新創業,產業輔導
科專政策研究及管理綱要計畫(1/4)(1401:經濟部技術處),104,創新創業,政策建議與法規調適
企業創新研發淬鍊及產學研價值創造綱要計畫(1/4)(1401:經濟部技術處),104,創新創業,研發與育成補助
技術服務業發展計畫(3/4)(1402:經濟部工業局),104,創新創業,產業輔導
我國產業政策研究規劃及推動計畫(1/4)(1402:經濟部工業局),104,創新創業,政策建議與法規調適
亞洲生產力組織綠色卓越中心計畫(1/4)(1402:經濟部工業局),104,創新創業,國際合作
104年服務業創新研發計畫(2/4)(1404:經濟部商業司),104,創新創業,研發與育成補助
中小企業群聚創新整合服務優值計畫(4/4)(1409:經濟部中小企業處),104,創新創業,產業輔導
中小企業價值創新應用計畫(1/4)(1409:經濟部中小企業處),104,創新創業,投資與貸款融資
協助國內企業延攬海外科技人才計畫(4/9)(1410:經濟部投資業務處),104,創新創業,人才培育
創新產學合作計畫(2/4)(1901:科技部),104,創新創業,"人才培育,產業輔導"
研發成果推廣及科學園區業務推動計畫(1/1)(1901:科技部),104,創新創業,產業輔導
企業創新研發淬鍊及產學研價值創造綱要計畫(2/4)(1401:經濟部技術處),105,創新創業,研發與育成補助
科技服務系統研發、實證與美學設計加值綱要計畫(2/4)(1401:經濟部技術處),105,創新創業,產業輔導
我國產業政策研究規劃及推動計畫(2/4)(1402:經濟部工業局),105,創新創業,政策建議與法規調適
技術服務業發展計畫(4/4)(1402:經濟部工業局),105,創新創業,產業輔導
亞洲生產力組織綠色卓越中心計畫(2/4)(1402:經濟部工業局),105,創新創業,國際合作
服務業創新研發計畫(3/4)(1404:經濟部商業司),105,創新創業,研發與育成補助
中小企業價值創新應用計畫(2/4)(1409:經濟部中小企業處),105,創新創業,投資與貸款融資
推動中小企業群聚加速創新商業化計畫(1/4)(1409:經濟部中小企業處),105,創新創業,產業輔導
協助國內企業延攬海外科技人才計畫(5/9)(1410:經濟部投資業務處),105,創新創業,人才培育
產業園區競爭力推升計畫(1/4)(1414:經濟部加工出口區管理處),105,創新創業,產業輔導
研發成果推廣及科學園區業務推動計畫(1/1)(1901:科技部),105,創新創業,產業輔導
創新產學合作計畫(3/4)(1901:科技部),105,創新創業,"人才培育,產業輔導"
學界研發成果產業化推動計畫(1/4)(1901:科技部),105,創新創業,產業輔導
科技服務系統研發、實證與美學設計加值綱要計畫(3/4)(1401:經濟部技術處),106,創新創業,產業輔導
企業創新研發淬鍊及產學研價值創造綱要計畫(3/4)(1401:經濟部技術處),106,創新創業,研發與育成補助
區塊鏈創新生態體系發展計畫(1/4)(1401:經濟部技術處),106,創新創業,產業輔導
技術服務業發展計畫(1/4)(1402:經濟部工業局),106,創新創業,產業輔導
亞洲生產力組織綠色卓越中心計畫(3/4)(1402:經濟部工業局),106,創新創業,國際合作
我國產業政策研究規劃及推動計畫(3/4)(1402:經濟部工業局),106,創新創業,政策建議與法規調適
服務業創新研發計畫(4/4)(1404:經濟部商業司),106,創新創業,研發與育成補助
中小企業價值創新應用計畫(3/4)(1409:經濟部中小企業處),106,創新創業,投資與貸款融資
小型企業創新研發綱要計畫(SBIR)(1/4)(1409:經濟部中小企業處),106,創新創業,研發與育成補助
推動中小企業群聚加速創新商業化計畫(2/4)(1409:經濟部中小企業處),106,創新創業,產業輔導
推動中小企業跨域創新加值計畫(1/4)(1409:經濟部中小企業處),106,創新創業,產業輔導
推動產業創新應用服務實證計畫(1/4)(1409:經濟部中小企業處),106,創新創業,政策建議與法規調適
產業人才海外網絡鏈結暨延攬計畫(1/4)(1410:經濟部投資業務處),106,創新創業,人才培育
產業園區競爭力推升計畫(2/4)(1414:經濟部加工出口區管理處),106,創新創業,產業輔導
研發成果推廣及科學園區業務推動計畫(1/1)(1901:科技部),106,創新創業,產業輔導
學界研發成果產業化推動計畫(2/4)(1901:科技部),106,創新創業,產業輔導
創新產學合作計畫(4/4)(1901:科技部),106,創新創業,"人才培育,產業輔導"
新興科技創新營運模式研究計畫(1/4)(1901:科技部),106,創新創業,產業輔導
亞洲‧矽谷推動平臺計畫(1/4)(2901:國家發展委員會),106,創新創業,產業輔導
科技服務系統研發、實證與美學設計加值綱要計畫(4/4)(1401:經濟部技術處),107,創新創業,產業輔導
企業創新研發淬鍊及產學研價值創造綱要計畫(4/4)(1401:經濟部技術處),107,創新創業,研發與育成補助
區塊鏈創新生態體系發展計畫(2/4)(1401:經濟部技術處),107,創新創業,產業輔導
技術服務業發展計畫(2/4)(1402:經濟部工業局),107,創新創業,產業輔導
產業創新平台計畫(1/4)(1402:經濟部工業局),107,創新創業,研發與育成補助
產業政策研究與推動計畫(1/4)(1402:經濟部工業局),107,創新創業,政策建議與法規調適
亞洲生產力組織綠色卓越中心計畫(4/4)(1402:經濟部工業局),107,創新創業,國際合作
民生產業轉型輔導計畫(1/4)(1402:經濟部工業局),107,創新創業,產業輔導
營造亞太產業供應鏈夥伴關係新局計畫(1/4)(1402:經濟部工業局),107,創新創業,國際合作
商業環境優化與產業創新推動計畫(1/1)(1404:經濟部商業司),107,創新創業,產業輔導
推動中小企業跨域創新加值計畫(2/4)(1409:經濟部中小企業處),107,創新創業,產業輔導
扶植中小企業與創新創業計畫(1/4)(1409:經濟部中小企業處),107,創新創業,產業輔導
中小企業價值創新應用計畫(4/4)(1409:經濟部中小企業處),107,創新創業,投資與貸款融資
小型企業創新研發綱要計畫(SBIR)(2/4)(1409:經濟部中小企業處),107,創新創業,研發與育成補助
推動產業創新應用服務實證計畫(2/4)(1409:經濟部中小企業處),107,創新創業,政策建議與法規調適
亞洲．矽谷試驗場域計畫(2/4)(1409:經濟部中小企業處),107,創新創業,"場域建置與試驗,產業輔導"
產業人才海外網絡鏈結暨延攬計畫(2/4)(1410:經濟部投資業務處),107,創新創業,人才培育
產業園區競爭力推升計畫(3/4)(1414:經濟部加工出口區管理處),107,創新創業,產業輔導
學界研發成果產業化推動計畫(3/4)(1901:科技部),107,創新創業,產業輔導
研發成果推廣及科學園區業務推動計畫 (1/1)(1901:科技部),107,創新創業,產業輔導
產學研價值鏈躍升計畫(1/4)(1901:科技部),107,創新創業,"人才培育,產業輔導"
新興科技創新營運模式研究計畫(2/4)(1901:科技部),107,創新創業,產業輔導
新型態產學研鏈結旗艦計畫(2/4)(1901:科技部),107,創新創業,"人才培育,產業輔導"
推動國際產學聯盟計畫(2/5)(1901:科技部),107,創新創業,"人才培育,產業輔導"
青年科技創新創業基地建置計畫(2/5)(1/4)(1901:科技部),107,創新創業,人才培育
重點產業高階人才培訓與就業計畫(2/5)(1901:科技部),107,創新創業,人才培育
亞洲‧矽谷推動平臺計畫(2/4)(2901:國家發展委員會),107,創新創業,產業輔導
企業創新研發淬鍊及產學研價值創造綱要計畫(1/4)(1401:經濟部技術處),108,創新創業,研發與育成補助
科技服務系統研發與實證加值綱要計畫(1/4)(1401:經濟部技術處),108,創新創業,產業輔導
區塊鏈創新生態體系發展計畫(3/4)(1401:經濟部技術處),108,創新創業,產業輔導
民生產業轉型輔導計畫(2/4)(1402:經濟部工業局),108,創新創業,產業輔導
產業創新平台計畫(2/4)(1402:經濟部工業局),108,創新創業,研發與育成補助
亞洲生產力組織執行計畫(1/4)(1402:經濟部工業局),108,創新創業,國際合作
營造亞太產業供應鏈夥伴關係新局計畫(2/4)(1402:經濟部工業局),108,創新創業,國際合作
產業政策研究與推動計畫(2/4)(1402:經濟部工業局),108,創新創業,政策建議與法規調適
技術服務業發展計畫(3/4)(1402:經濟部工業局),108,創新創業,產業輔導
商業環境優化與產業創新推動計畫(1/1)(1404:經濟部商業司),108,創新創業,產業輔導
科技社會創新促進價值躍升計畫(1/4)(1409:經濟部中小企業處),108,創新創業,新創競賽與獎項
中小企業價值創新財務支援計畫(1/4)(1409:經濟部中小企業處),108,創新創業,投資與貸款融資
推動中小企業跨域創新加值計畫(3/4)(1409:經濟部中小企業處),108,創新創業,產業輔導
扶植中小企業與創新創業計畫(2/4)(1409:經濟部中小企業處),108,創新創業,產業輔導
先進產業策略性落實計畫(1/4)(1409:經濟部中小企業處),108,創新創業,研發與育成補助
推動產業創新應用服務實證計畫(3/4)(1409:經濟部中小企業處),108,創新創業,政策建議與法規調適
小型企業創新研發綱要計畫(SBIR)(3/4)(1409:經濟部中小企業處),108,創新創業,研發與育成補助
亞洲．矽谷試驗場域計畫(3/4)(1409:經濟部中小企業處),108,創新創業,"場域建置與試驗,產業輔導"
產業人才海外網絡鏈結暨延攬計畫(3/4)(1410:經濟部投資業務處),108,創新創業,人才培育
產業園區競爭力推升計畫(4/4)(1414:經濟部加工出口區管理處),108,創新創業,產業輔導
新型態產學研鏈結旗艦計畫(3/4)(1901:科技部),108,創新創業,"人才培育,產業輔導"
研發成果推廣及科學園區業務推動計畫(1/1)(1901:科技部),108,創新創業,產業輔導
產學研價值鏈躍升計畫(2/4)(1901:科技部),108,創新創業,"人才培育,產業輔導"
學界研發成果產業化推動計畫(4/4)(1901:科技部),108,創新創業,產業輔導
青年科技創新創業基地建置計畫(3/4)(1901:科技部),108,創新創業,人才培育
新興科技創新營運模式研究計畫(3/4)(1901:科技部),108,創新創業,產業輔導
重點產業高階人才培訓與就業計畫(3/4)(1901:科技部),108,創新創業,人才培育
推動國際產學聯盟計畫(3/4)(1901:科技部),108,創新創業,"人才培育,產業輔導"
亞洲‧矽谷推動平臺計畫(3/4)(2901:國家發展委員會),108,創新創業,產業輔導
科技服務系統研發與實證加值綱要計畫(2/4)(1401:經濟部技術處),109,創新創業,產業輔導
區塊鏈創新生態體系發展計畫(4/4)(1401:經濟部技術處),109,創新創業,產業輔導
企業創新研發淬鍊及產學研價值創造綱要計畫(2/4)(1401:經濟部技術處),109,創新創業,研發與育成補助
創新產業科技政策與國際合作規劃管理綱要計畫(2/4)(1401:經濟部技術處),109,創新創業,政策建議與法規調適
產業政策研究與推動計畫(3/4)(1402:經濟部工業局),109,創新創業,政策建議與法規調適
技術服務業發展計畫(4/4)(1402:經濟部工業局),109,創新創業,產業輔導
亞洲生產力組織執行計畫(2/4)(1402:經濟部工業局),109,創新創業,國際合作
潛力隱形冠軍智慧加值創新成長計畫(Hidden Champion+2.0)(1/4)(1402:經濟部工業局),109,創新創業,"投資與貸款融資,產業輔導"
營造亞太產業供應鏈夥伴關係新局計畫(3/4)(1402:經濟部工業局),109,創新創業,國際合作
產業創新平台計畫(3/4)(1402:經濟部工業局),109,創新創業,研發與育成補助
跨國戰略夥伴鏈結互利計畫(4/4)(1402:經濟部工業局),109,創新創業,國際合作
產業創新人才產學接軌推動計畫(1/4)(1402:經濟部工業局),109,創新創業,人才培育
民生產業轉型輔導計畫(3/4)(1402:經濟部工業局),109,創新創業,產業輔導
優化經商環境與提升產業競爭力計畫(1/4)(1404:經濟部商業司),109,創新創業,產業輔導
服務業創新研發暨生活服務計畫(1/4)(1404:經濟部商業司),109,創新創業,研發與育成補助
推動產業創新應用服務實證計畫(4/4)(1409:經濟部中小企業處),109,創新創業,政策建議與法規調適
推動中小企業跨域創新加值計畫(4/4)(1409:經濟部中小企業處),109,創新創業,產業輔導
中小企業價值創新財務支援計畫(2/4)(1409:經濟部中小企業處),109,創新創業,投資與貸款融資
科技社會創新促進價值躍升計畫(1/1)(1409:經濟部中小企業處),109,創新創業,新創競賽與獎項
亞洲．矽谷試驗場域計畫(4/4)(1409:經濟部中小企業處),109,創新創業,"場域建置與試驗,產業輔導"
扶植中小企業與創新創業計畫(3/4)(1409:經濟部中小企業處),109,創新創業,產業輔導
先進產業策略性落實計畫(2/4)(1409:經濟部中小企業處),109,創新創業,研發與育成補助
小型企業創新研發綱要計畫(SBIR)(4/4)(1409:經濟部中小企業處),109,創新創業,研發與育成補助
產業人才海外網絡鏈結暨延攬計畫(4/4)(1410:經濟部投資業務處),109,創新創業,人才培育
產業園區創新生態跨域推動計畫(1/4)(1414:經濟部加工出口區管理處),109,創新創業,產業輔導
新興科技創新營運模式研究計畫(4/4)(1901:科技部),109,創新創業,產業輔導
科研成果價值躍升計畫(1/1)(1901:科技部),109,創新創業,產業輔導
推動國際產學聯盟計畫(4/4)(1901:科技部),109,創新創業,"人才培育,產業輔導"
青年科技創新創業基地建置計畫(4/4)(1901:科技部),109,創新創業,人才培育
重點產業高階人才培訓與就業計畫(4/4)(1901:科技部),109,創新創業,人才培育
科學園區業務推展計畫(1/1)(1921:科學園區管理局),109,創新創業,產業輔導
亞洲‧矽谷推動平臺計畫(4/4)(4/4)(2901:國家發展委員會),109,創新創業,產業輔導
創新產業科技政策與國際合作規劃管理綱要計畫(3/4)(1401:經濟部技術處),110,創新創業,政策建議與法規調適
企業創新研發淬鍊及產學研價值創造綱要計畫(3/4)(1401:經濟部技術處),110,創新創業,研發與育成補助
科技服務系統研發與實證加值綱要計畫(3/3)(1401:經濟部技術處),110,創新創業,產業輔導
區塊鏈創新產業資料管理應用計畫(1/4)(1401:經濟部技術處),110,創新創業,產業輔導
領航企業研發深耕計畫(1/5)(1401:經濟部技術處),110,創新創業,研發與育成補助
營造亞太產業供應鏈夥伴關係新局計畫(4/4)(1402:經濟部工業局),110,創新創業,國際合作
產業政策研究與推動計畫(4/4)(1402:經濟部工業局),110,創新創業,政策建議與法規調適
產業創新平台計畫(4/4)(1402:經濟部工業局),110,創新創業,研發與育成補助
亞洲生產力組織執行計畫(3/4)(1402:經濟部工業局),110,創新創業,國際合作
產業創新人才產學接軌推動計畫(2/4)(1402:經濟部工業局),110,創新創業,人才培育
技術服務業發展計畫2.0(1/4)(1402:經濟部工業局),110,創新創業,產業輔導
民生產業轉型輔導計畫(4/4)(1402:經濟部工業局),110,創新創業,產業輔導
台日新戰略夥伴關係建構計畫(1/4)(1402:經濟部工業局),110,創新創業,國際合作
潛力隱形冠軍智慧加值創新成長計畫(Hidden Champion+2.0)(2/4)(1402:經濟部工業局),110,創新創業,"投資與貸款融資,產業輔導"
服務業創新研發暨生活服務計畫(2/4)(1404:經濟部商業司),110,創新創業,研發與育成補助
優化經商環境與提升產業競爭力計畫(2/4)(1404:經濟部商業司),110,創新創業,產業輔導
推升中小企業跨域生態系價值共創計畫(1/4)(1409:經濟部中小企業處),110,創新創業,產業輔導
先進產業策略性落實計畫(3/4)(1409:經濟部中小企業處),110,創新創業,研發與育成補助
扶植中小企業與創新創業計畫(4/4)(1409:經濟部中小企業處),110,創新創業,產業輔導
新創加速躍升計畫(1/4)(1409:經濟部中小企業處),110,創新創業,研發與育成補助
小型企業創新研發綱要計畫(SBIR)(1/4)(1409:經濟部中小企業處),110,創新創業,研發與育成補助
中小企業價值創新財務支援計畫(3/4)(1409:經濟部中小企業處),110,創新創業,投資與貸款融資
推動區域中小企業創新發展與法制協進計畫(1/4)(1409:經濟部中小企業處),110,創新創業,政策建議與法規調適
科技社會創新促進價值躍升計畫(3/4)(1409:經濟部中小企業處),110,創新創業,新創競賽與獎項
亞洲‧矽谷新創鏈結計畫(1/4)(1409:經濟部中小企業處),110,創新創業,"場域建置與試驗,產業輔導"
加速投資臺灣行動方案服務計畫(2/3)(1410:經濟部投資業務處),110,創新創業,投資與貸款融資
產業人才海外網絡鏈結暨延攬計畫(1/4)(1410:經濟部投資業務處),110,創新創業,人才培育
產業園區創新生態跨域推動計畫(2/4)(1414:經濟部加工出口區管理處),110,創新創業,產業輔導
產學研鏈結價值躍升計畫(1/1)(1901:科技部),110,創新創業,"人才培育,產業輔導"
科研成果創新創業價創計畫(1/1)(1901:科技部),110,創新創業,產業輔導
青年科技創新創業基地建置計畫 (1/4)(1901:科技部),110,創新創業,人才培育
重點產業高階人才培訓計畫(1/5)(1901:科技部),110,創新創業,人才培育
科學園區業務推展計畫(1/1)(1921:科學園區管理局),110,創新創業,產業輔導
亞洲．矽谷創新應用整合平台計畫(1/4)(2901:國家發展委員會),110,創新創業,產業輔導
能源國家型科技計畫-教育部能源國家型科技人才培育計畫(1/4)(1201:教育部),103,再生能源,人才培育
能源國家型科技計畫-能源產業技術發展綱要計畫(4/4)(1401:經濟部技術處),103,再生能源,風能
能源國家型科技計畫-再生能源產業推動計畫(2/4)(1402:經濟部工業局),103,再生能源,風能
能源國家型科技計畫--能源科技產品標準檢測驗證計畫(2/4)(1403:經濟部標準檢驗局),103,再生能源,"風能,太陽能,生質能,氫能,燃料電池"
南科綠能低碳產業聚落推動計畫(2/4)(1901:科技部),103,再生能源,太陽能
能源國家型科技計畫能源主軸與產業需求科技研究(1/5)(1902:行政院國家科學技術發展基金),103,再生能源,風能
能源國家型科技計畫-太陽光電技術發展與應用(1/4)(2001:行政院原子能委員會),103,再生能源,太陽能
能源國家型科技計畫-風能系統工程技術開發與研究(1/4)(2001:行政院原子能委員會),103,再生能源,風能
能源國家型科技計畫-新及再生能源技術研發(1/1)(8001:石油及能源基金),103,再生能源,"風能,太陽能,海洋能,地熱,生質能,氫能,燃料電池"
再生能源發展與推廣計畫(1/1)(8001:石油及能源基金),103,再生能源,太陽能
能源科技人才培育計畫(2/4)(1201:教育部),104,再生能源,人才培育
能源國家型科技計畫-能源產業技術發展綱要計畫(2/5)(1401:經濟部技術處),104,再生能源,風能
能源國家型科技計畫-再生能源產業推動計畫(3/4)(1402:經濟部工業局),104,再生能源,風能
能源國家型科技計畫--能源科技產品標準檢測驗證計畫(3/4)(1403:經濟部標準檢驗局),104,再生能源,"風能,太陽能,生質能,氫能,燃料電池"
南科綠能低碳產業聚落推動計畫(3/4)(1901:科技部),104,再生能源,太陽能
能源國家型科技計畫-能源主軸與產業需求科技研究(2/5)(1902:行政院國家科學技術發展基金),104,再生能源,風能
能源國家型科技計畫-太陽光電技術發展與應用(2/5)(2001:行政院原子能委員會),104,再生能源,太陽能
能源國家型科技計畫-風能系統工程技術開發與研究(2/5)(2001:行政院原子能委員會),104,再生能源,風能
能源國家型科技計畫—新及再生能源技術研發(1/4)(8001:石油及能源基金),104,再生能源,"風能,太陽能,海洋能,地熱,生質能,氫能,燃料電池"
104年度「學界及業界能源科技研究發展計畫」(1/1)(8001:石油及能源基金),104,再生能源,"風能,太陽能,海洋能,地熱,生質能,水力"
104年度「再生能源發展與推廣計畫」(1/1)(8001:石油及能源基金),104,再生能源,"太陽能,海洋能,生質能,燃料電池"
能源科技人才培育計畫(3/4)(1201:教育部),105,再生能源,人才培育
能源國家型科技計畫-能源產業技術發展綱要計畫(3/5)(1401:經濟部技術處),105,再生能源,風能
能源國家型科技計畫-再生能源產業推動計畫(4/4)(1402:經濟部工業局),105,再生能源,風能
能源國家型科技計畫-能源科技產品標準檢測驗證計畫(4/4)(1403:經濟部標準檢驗局),105,再生能源,"風能,太陽能,生質能,氫能,燃料電池"
南科綠能低碳產業聚落推動計畫(4/4)(1901:科技部),105,再生能源,太陽能
能源國家型科技計畫-能源主軸與產業需求科技研究(3/5)(1902:行政院國家科學技術發展基金),105,再生能源,風能
能源國家型科技計畫(2/4)-新及再生能源技術研發(8001:石油及能源基金),105,再生能源,"風能,太陽能,海洋能,地熱,生質能,氫能,燃料電池"
105年度「學界及業界能源科技研究發展計畫」(1/1)(8001:石油及能源基金),105,再生能源,"風能,太陽能,海洋能,地熱,生質能,水力"
105年度「再生能源發展與推廣計畫」(1/1)(8001:石油及能源基金),105,再生能源,"太陽能,海洋能,生質能,燃料電池"
能源科技人才培育計畫(4/4)(1201:教育部),106,再生能源,人才培育
能源國家型科技計畫-能源產業技術發展綱要計畫(4/5)(1401:經濟部技術處),106,再生能源,風能
能源國家型科技計畫-再生能源產業推動計畫(1/2)(1402:經濟部工業局),106,再生能源,風能
能源國家型計畫-新興能源產品檢測標準與驗證技術計畫(1/2)(1403:經濟部標準檢驗局),106,再生能源,"風能,太陽能,生質能,氫能,燃料電池"
再生能源憑證中心及檢測驗證發展計畫(1/4)(1403:經濟部標準檢驗局),106,再生能源,再生能源交易
離岸風場區塊開發海域環境建構計畫(1/1)(1405:經濟部能源局),106,再生能源,風能
沙崙綠能科學城-綠能科技示範場域旗艦計畫(1/4)(1405:經濟部能源局),106,再生能源,"太陽能,燃料電池"
能源國家型科技計畫-能源主軸與產業需求科技研究(4/5)(1902:行政院國家科學技術發展基金),106,再生能源,風能
綠能科技深化研發與示範應用計畫(1/4)(2001:行政院原子能委員會),106,再生能源,太陽能
能源國家型科技計畫—新及再生能源技術研發(3/4)(8001:石油及能源基金),106,再生能源,"風能,太陽能,海洋能,地熱,生質能,氫能,燃料電池"
106年度「業界能源科技研究發展計畫」(1/1)(8001:石油及能源基金),106,再生能源,"風能,太陽能,海洋能,地熱,生質能,水力"
106年度「再生能源開發與推廣計畫」(1/1)(8001:石油及能源基金),106,再生能源,"太陽能,海洋能,生質能,燃料電池"
潔能系統整合與應用人才培育計畫(1/4)(1201:教育部),107,再生能源,人才培育
能源國家型科技計畫-能源產業技術發展綱要計畫(5/5)(1401:經濟部技術處),107,再生能源,風能
能源國家型科技計畫-再生能源產業推動計畫(2/2)(1402:經濟部工業局),107,再生能源,風能
再生能源憑證中心及檢測驗證發展計畫(2/4)(1403:經濟部標準檢驗局),107,再生能源,再生能源交易
新興能源產品檢測標準與驗證技術計畫(2/2)(1403:經濟部標準檢驗局),107,再生能源,"風能,太陽能,生質能,氫能,燃料電池"
再生能源投(融)資第三方檢測驗證中心計畫(2/4)(1403:經濟部標準檢驗局),107,再生能源,再生能源交易
離岸風場區塊開發海域環境建構計畫(2/4)(1405:經濟部能源局),107,再生能源,風能
沙崙綠能科學城-綠能科技示範場域旗艦計畫(2/4)(1405:經濟部能源局),107,再生能源,"太陽能,燃料電池"
建置太陽光電技術平台2年推動計畫(2/2)(1405:經濟部能源局),107,再生能源,太陽能
離岸風電海下工程技術研發計畫(2/4)(1503:交通部運輸研究所),107,再生能源,風能
能源國家型科技計畫-能源主軸與產業需求科技研究(5/5)(1902:行政院國家科學技術發展基金),107,再生能源,風能
綠能科技深化研發與示範應用計畫(2/4)(2001:行政院原子能委員會),107,再生能源,太陽能
能源國家型科技計畫—新及再生能源技術研發(4/4)(8001:石油及能源基金),107,再生能源,"風能,太陽能,海洋能,地熱,生質能,氫能,燃料電池"
107年度「業界能源科技研究發展計畫」(1/1)(8001:石油及能源基金),107,再生能源,"風能,太陽能,海洋能,地熱,生質能,水力"
107年度「再生能源開發與推廣計畫」(1/1)(8001:石油及能源基金),107,再生能源,"太陽能,海洋能,生質能,燃料電池"
潔能系統整合與應用人才培育計畫(2/4)(1201:教育部),108,再生能源,人才培育
能源產業技術研發暨標準檢測與產業能效提升推動計畫(1/4)(1401:經濟部技術處),108,再生能源,太陽能
綠能產業升級轉型推動計畫(1/4)(1402:經濟部工業局),108,再生能源,"風能,太陽能"
再生能源憑證中心及檢測驗證發展計畫(3/4)(1403:經濟部標準檢驗局),108,再生能源,再生能源交易
再生能源投(融)資第三方檢測驗證中心計畫(3/4)(1403:經濟部標準檢驗局),108,再生能源,再生能源交易
沙崙綠能科學城-綠能科技示範場域旗艦計畫(3/4)(1405:經濟部能源局),108,再生能源,"太陽能,燃料電池"
離岸風電海下工程技術研發計畫(3/4)(1503:交通部運輸研究所),108,再生能源,風能
綠能科技聯合研發計畫(1/2)(1901:科技部),108,再生能源,太陽能
綠能科技創新研究與服務平台計畫(3/4)(1903:財團法人國家實驗研究院),108,再生能源,風能
綠能科技深化研發與示範應用計畫(3/4)(2001:行政院原子能委員會),108,再生能源,太陽能
洋流能關鍵技術開發與推動(1/1)(4901:海洋委員會),108,再生能源,海洋能
新及再生能源技術研發(1/3)(8001:石油及能源基金),108,再生能源,"風能,太陽能,海洋能,地熱,生質能,氫能,燃料電池"
108年度「業界能源科技研究發展計畫」(1/1)(8001:石油及能源基金),108,再生能源,"風能,太陽能,海洋能,地熱,生質能,水力"
108年度「再生能源開發與推廣計畫」(1/1)(8001:石油及能源基金),108,再生能源,"太陽能,海洋能,生質能,燃料電池"
潔能系統整合與應用人才培育計畫(3/4)(1201:教育部),109,再生能源,人才培育
能源產業技術研發暨標準檢測與產業能效提升推動計畫(2/4)(1401:經濟部技術處),109,再生能源,太陽能
綠能產業升級轉型推動計畫(2/4)(1402:經濟部工業局),109,再生能源,"風能,太陽能"
再生能源投(融)資第三方檢測驗證中心計畫(4/4)(1403:經濟部標準檢驗局),109,再生能源,再生能源交易
再生能源憑證中心及檢測驗證發展計畫(4/4)(1403:經濟部標準檢驗局),109,再生能源,再生能源交易
沙崙綠能科學城-綠能科技示範場域旗艦計畫(4/4)(1405:經濟部能源局),109,再生能源,"太陽能,燃料電池"
離岸風電海下工程技術研發計畫(4/4)(1503:交通部運輸研究所),109,再生能源,風能
綠能科技聯合研發計畫(2/2)(1901:科技部),109,再生能源,太陽能
綠能科技創新研究與服務平台計畫(4/4)(1903:財團法人國家實驗研究院),109,再生能源,風能
綠能科技深化研發與示範應用計畫(4/4)(2001:行政院原子能委員會),109,再生能源,太陽能
洋流能關鍵技術開發與推動(1/4)(4901:海洋委員會),109,再生能源,海洋能
海洋研究發展與人才培育計畫(1/4)(4901:海洋委員會),109,再生能源,"海洋能,風能"
109年度「業界能源科技研究發展計畫」(1/1)(8001:石油及能源基金),109,再生能源,"風能,太陽能,海洋能,地熱,生質能,水力"
新及再生能源技術研發(2/3)(8001:石油及能源基金),109,再生能源,"風能,太陽能,海洋能,地熱,生質能,氫能,燃料電池"
109年度「再生能源開發與推廣計畫」(1/1)(8001:石油及能源基金),109,再生能源,"太陽能,海洋能,生質能,燃料電池"
潔能系統整合與應用人才培育計畫(4/4)(1201:教育部),110,再生能源,人才培育
能源產業技術研發暨標準檢測與產業能效提升推動計畫(3/4)(1401:經濟部技術處),110,再生能源,太陽能
綠能產業升級轉型推動計畫(3/4)(1402:經濟部工業局),110,再生能源,"風能,太陽能"
離岸風電水下基礎產業技術升級輔導計畫(1/4)(1402:經濟部工業局),110,再生能源,風能
再生能源憑證運行與發展計畫(1/4)(1403:經濟部標準檢驗局),110,再生能源,再生能源交易
國家綠能標準檢測驗證計畫(1/5)(1403:經濟部標準檢驗局),110,再生能源,"風能,太陽能,生質能,氫能,燃料電池"
整合智慧讀表平台發展計畫(1/4)(1403:經濟部標準檢驗局),110,再生能源,風能
海洋科技產業創新專區營運計畫(1/4)(1405:經濟部能源局),110,再生能源,風能
加速全面性地熱資源探查及資訊供應計畫(1/5)(1406:經濟部中央地質調查所),110,再生能源,地熱
太陽能電網整合的創新天氣和電力預測(1/4)(1502:交通部中央氣象局),110,再生能源,太陽能
綠能科技聯合研發計畫(1/2)(1901:科技部),110,再生能源,太陽能
洋流能關鍵技術開發與推動(2/4)(4901:海洋委員會),110,再生能源,海洋能
海洋研究發展與人才培育計畫(2/4)(4901:海洋委員會),110,再生能源,"海洋能,風能"
110年度「新及再生能源技術研發」(3/3)(8001:石油及能源基金),110,再生能源,"風能,太陽能,海洋能,地熱,生質能,氫能,燃料電池"
110年度「業界能源科技研究發展計畫」(1/1)(8001:石油及能源基金),110,再生能源,"風能,太陽能,海洋能,地熱,生質能,水力"
110年度「再生能源開發與推廣計畫」(1/1)(8001:石油及能源基金),110,再生能源,"太陽能,海洋能,生質能,燃料電池"
強化個資使用稽核及公務資料外洩防護計畫(3/3)(1301:法務部),103,資安人培,資安扎根
資安服務暨專案管理第二期計畫(1/1)(1902:行政院國家科學技術發展基金),103,資安人培,"跨域教學,實務實戰"
國家資通安全關鍵科技發展計畫(計畫展延至105年10月)(1/2)(1902:行政院國家科學技術發展基金),104,資安人培,"跨域教學,實務實戰"
國家資通安全防護整合服務計畫(1/1)(1902:行政院國家科學技術發展基金),104,資安人培,"跨域教學,實務實戰"
國家資通安全防護整合服務計畫第二期計畫(1/1)(1902:行政院國家科學技術發展基金),105,資安人培,"跨域教學,實務實戰"
國家資通安全關鍵科技發展計畫(2/2)(1902:行政院國家科學技術發展基金),105,資安人培,"跨域教學,實務實戰"
資訊安全人才培育計畫(1/4)(1201:教育部),106,資安人培,"資安扎根,跨域教學,實務實戰,產學鏈結,國際合作"
國家資通安全防護整合服務計畫(1/1)(1902:行政院國家科學技術發展基金),106,資安人培,"跨域教學,實務實戰"
加速政府資安防護建設計畫(1/4)(1902:行政院國家科學技術發展基金),106,資安人培,"跨域教學,實務實戰,國際合作"
資安旗艦計畫(1/4)(3601:行政院資通安全處),106,資安人培,"資安扎根,跨域教學,實務實戰,產學鏈結,國際合作"
數位國家資通安全技術服務計畫(1/1)(1902:行政院國家科學技術發展基金),107,資安人培,"資安扎根,跨域教學,實務實戰"
資安旗艦計畫(2/4)(3601:行政院資通安全處),107,資安人培,"資安扎根,跨域教學,實務實戰,產學鏈結,國際合作"
強化政府基層機關資安防護及區域聯防計畫(2/4)(3601:行政院資通安全處),107,資安人培,"資安扎根,跨域教學,實務實戰,產學鏈結"
數位國家資通安全技術服務整合計畫(1/1)(1902:行政院國家科學技術發展基金),108,資安人培,"跨域教學,實務實戰"
強化政府基層機關資安防護及區域聯防計畫(3/4)(3601:行政院資通安全處),108,資安人培,"資安扎根,跨域教學,實務實戰,產學鏈結"
資安旗艦計畫(3/4)(3601:行政院資通安全處),108,資安人培,"資安扎根,跨域教學,實務實戰,產學鏈結,國際合作"
資料安全研發及人才培育計畫(1/4)(0210:中央研究院),109,資安人培,"跨域教學,產學鏈結,國際合作"
物聯網應用場域資安強化推動計畫(1/4)(1402:經濟部工業局),109,資安人培,"跨域教學,實務實戰,產學鏈結"
數位國家資通安全跨域聯防整合計畫(1/1)(1902:行政院國家科學技術發展基金),109,資安人培,"跨域教學,實務實戰"
資安旗艦計畫(4/4)(3601:行政院資通安全處),109,資安人培,"資安扎根,跨域教學,實務實戰,產學鏈結,國際合作"
強化政府基層機關資安防護及區域聯防計畫(4/4)(3601:行政院資通安全處),109,資安人培,"資安扎根,跨域教學,實務實戰,產學鏈結"
資料安全研發及人才培育計畫(2/4)(0210:中央研究院),110,資安人培,"跨域教學,產學鏈結,國際合作"
臺灣資安卓越深耕(1/4)-擴增資安師資計畫(1201:教育部),110,資安人培,資安扎根
臺灣資安卓越深耕-先進網路鑑識計畫(1/4)(1301:法務部),110,資安人培,跨域教學
臺灣資安卓越深耕-半導體及資通訊供應鏈資安關鍵技術發展計畫(1/4)(1401:經濟部技術處),110,資安人培,國際合作
5G資安防護系統開發計畫(1/4)(1401:經濟部技術處),110,資安人培,實務實戰
物聯網應用場域資安強化推動計畫(2/4)(1402:經濟部工業局),110,資安人培,"跨域教學,實務實戰,產學鏈結"
臺灣資安卓越深耕-學術型資安研究(1/5)(1901:科技部),110,資安人培,"跨域教學,實務實戰,國際合作"
資安跨域整合聯防計畫(1/4)(3601:行政院資通安全處),110,資安人培,"資安扎根,跨域教學,實務實戰,國際合作"
臺灣資安卓越深耕-資安卓越中心計畫(1/5)(3601:行政院資通安全處),110,資安人培,"跨域教學,實務實戰"
推動客家雲端服務暨建立基礎資料計畫(1/3)(0399:客家委員會),103,數位經濟,資料經濟
數位學習產業創新躍升計畫(2/4)(1402:經濟部工業局),103,數位經濟,軟硬整合
提升製造業資訊應用暨經管能力計畫(2/4)(1402:經濟部工業局),103,數位經濟,"資料經濟,數位基磐"
中小企業資通訊加值應用計畫(3/4)(1409:經濟部中小企業處),103,數位經濟,"數位商務,軟硬整合"
網際網路通訊協定升級推動計畫(2/4)(1506:交通部郵電司),103,數位經濟,數位基磐
交通資訊服務雲基礎建設與應用計畫(3/4)(1507:交通部管理資訊中心),103,數位經濟,資料經濟
研發環境資訊化管理暨辦公室自動化整備計畫(1/1)(1901:科技部),103,數位經濟,資料經濟
推動客家雲端服務暨建立基礎資料計畫(2/3)(0399:客家委員會),104,數位經濟,資料經濟
數位學習產業創新躍升計畫(3/4)(1402:經濟部工業局),104,數位經濟,軟硬整合
提升製造業資訊應用暨經管能力計畫(3/4)(1402:經濟部工業局),104,數位經濟,"資料經濟,數位基磐"
中小企業資通訊加值應用計畫(4/4)(1409:經濟部中小企業處),104,數位經濟,"數位商務,軟硬整合"
網際網路通訊協定升級推動計畫(3/4)(1506:交通部郵電司),104,數位經濟,數位基磐
研發環境資訊化管理暨辦公室自動化整備計畫(1/1)(1901:科技部),104,數位經濟,資料經濟
推動客家雲端服務暨建立基礎資料計畫(3/3)(0399:客家委員會),105,數位經濟,資料經濟
數位學習產業創新躍升計畫(4/4)(1402:經濟部工業局),105,數位經濟,軟硬整合
提升製造業資訊應用暨經管能力計畫(4/4)(1402:經濟部工業局),105,數位經濟,"資料經濟,數位基磐"
商業場域科技應用示範推動計畫(1/4)(1404:經濟部商業司),105,數位經濟,軟硬整合
電子商務兆元推升計畫(1/4)(1404:經濟部商業司),105,數位經濟,數位商務
網際網路通訊協定升級推動計畫(4/4)(1506:交通部郵電司),105,數位經濟,數位基磐
研發環境資訊化管理暨辦公室自動化整備計畫(1/1)(1901:科技部),105,數位經濟,資料經濟
智慧學習產業整合輸出計畫(1/4)(1402:經濟部工業局),106,數位經濟,軟硬整合
多通路物流服務推動計畫(1/4)(1404:經濟部商業司),106,數位經濟,數位商務
亞洲矽谷智慧商業服務應用推動計畫(1/4)(1404:經濟部商業司),106,數位經濟,數位商務
電子商務兆元推升計畫(2/4)(1404:經濟部商業司),106,數位經濟,數位商務
跨境電子商務交易躍升旗艦計畫(1/4)(1404:經濟部商業司),106,數位經濟,數位商務
推動中小企業雲端創新應用發展計畫(1/4)(1409:經濟部中小企業處),106,數位經濟,資料經濟
中小企業行動支付普及推升計畫(1/4)(1409:經濟部中小企業處),106,數位經濟,數位商務
研發環境資訊化管理暨辦公室自動化整備計畫(1/1)(1901:科技部),106,數位經濟,資料經濟
智慧學習產業整合輸出計畫(2/4)(1402:經濟部工業局),107,數位經濟,軟硬整合
電子商務兆元推升計畫(3/4)(1404:經濟部商業司),107,數位經濟,數位商務
亞洲矽谷智慧商業服務應用推動計畫(2/4)(1404:經濟部商業司),107,數位經濟,數位商務
跨境電子商務交易躍升旗艦計畫(1/3)(1404:經濟部商業司),107,數位經濟,數位商務
多通路物流服務推動計畫(2/4)(1404:經濟部商業司),107,數位經濟,數位商務
107年度推動中小企業雲端創新應用發展計畫(2/4)(1409:經濟部中小企業處),107,數位經濟,數位商務
中小企業行動支付普及推升計畫(2/4)(1409:經濟部中小企業處),107,數位經濟,數位商務
研發環境資訊化管理暨辦公室自動化整備計畫(1/1)(1901:科技部),107,數位經濟,資料經濟
警政雲端運算發展計畫第二期-警政巨量資料分析與運用(4/4)(0805:內政部警政署),108,數位經濟,資料經濟
智慧學習產業整合輸出計畫(3/4)(1402:經濟部工業局),108,數位經濟,軟硬整合
亞洲矽谷智慧商業服務應用推動計畫(3/4)(1404:經濟部商業司),108,數位經濟,數位商務
多通路物流服務推動計畫(3/4)(1404:經濟部商業司),108,數位經濟,數位商務
跨境電商國際拓展推動計畫(2/3)(1404:經濟部商業司),108,數位經濟,數位商務
中小企業行動支付普及推升計畫(3/4)(1409:經濟部中小企業處),108,數位經濟,數位商務
推動中小企業雲端創新應用發展計畫 (3/4)(1409:經濟部中小企業處),108,數位經濟,數位商務
研發環境資訊化管理暨辦公室自動化整備計畫(1/1)(1901:科技部),108,數位經濟,資料經濟
警政科技躍升計畫(1/4)(0805:內政部警政署),109,數位經濟,資料經濟
智能稅務服務計畫(1/4)(1101:財政部),109,數位經濟,資料經濟
健全數位娛樂環境與開發者輔導創新計畫(1/4)(1402:經濟部工業局),109,數位經濟,數位文創
智慧學習產業整合輸出計畫(4/4)(1402:經濟部工業局),109,數位經濟,軟硬整合
傳統產業數位創新加值計畫(3/4)(1402:經濟部工業局),109,數位經濟,數位文創
網路購物產業價值升級與環境建構計畫(4/4)(1404:經濟部商業司),109,數位經濟,數位商務
多通路物流服務推動計畫(4/4)(1404:經濟部商業司),109,數位經濟,數位商務
跨境電商拓展國際推動計畫(3/3)(1404:經濟部商業司),109,數位經濟,數位商務
亞洲矽谷智慧商業服務應用推動計畫(4/4)(1404:經濟部商業司),109,數位經濟,數位商務
虛擬商務應用服務先期研究計畫(1/4)(1404:經濟部商業司),109,數位經濟,數位商務
109年度中小企業行動支付普及推升計畫(4/4)(1409:經濟部中小企業處),109,數位經濟,數位商務
109年度推動中小企業雲端創新應用發展計畫(4/4)(1409:經濟部中小企業處),109,數位經濟,數位商務
研發環境資訊化管理暨辦公室自動化整備計畫(1/1)(1901:科技部),109,數位經濟,資料經濟
智能稅務服務計畫(2/4)(1101:財政部),110,數位經濟,資料經濟
智慧學習產業整合輸出計畫(1/4)(1402:經濟部工業局),110,數位經濟,軟硬整合
傳統產業數位創新加值計畫(4/4)(1402:經濟部工業局),110,數位經濟,數位文創
健全數位娛樂環境與開發者輔導創新計畫(2/4)(1402:經濟部工業局),110,數位經濟,數位文創
雲世代產業數位轉型-數位平台服務與科技研發推動計畫(1/4)(1402:經濟部工業局),110,數位經濟,數位商務
雲世代產業數位轉型－中小型製造業數位轉型計畫(1/4)(1402:經濟部工業局),110,數位經濟,數位商務
數位與特殊技術人才發展計畫(1/5)(1402:經濟部工業局),110,數位經濟,數位基磐
流通服務智慧化推動計畫(1/4)(1404:經濟部商業司),110,數位經濟,數位商務
電商通路物流服務推動計畫(1/4)(1404:經濟部商業司),110,數位經濟,數位商務
虛擬商務應用服務推動計畫(2/4)(1404:經濟部商業司),110,數位經濟,數位商務
推動跨境電商發展計畫(1/4)(1404:經濟部商業司),110,數位經濟,數位商務
網路購物環境健全發展計畫(1/4)(1404:經濟部商業司),110,數位經濟,數位商務
建構零售暨服務業數據共享創新服務計畫(1/5)(1404:經濟部商業司),110,數位經濟,數位商務
行動支付多元應用加值服務計畫(1/4)(1409:經濟部中小企業處),110,數位經濟,數位商務
雲世代產業數位轉型(1/4)-輔導小微型企業數位轉型及永續發展計畫(1409:經濟部中小企業處),110,數位經濟,數位商務
引領中小微型企業數位轉型戰略攻頂計畫(1/5)(1409:經濟部中小企業處),110,數位經濟,數位商務
台灣光纜通道計畫(1/5)(1506:交通部郵電司),110,數位經濟,數位基磐
研發環境資訊化管理暨辦公室自動化整備計畫(1/1)(1901:科技部),110,數位經濟,資料經濟
新興/再浮現傳染病監測技術開發與應用計畫(3/5)(0324:衛生福利部),103,防疫科技,"檢疫,智慧防疫"
氣候變遷對防疫風險評估與應變計畫(3/3)(0324:衛生福利部),103,防疫科技,智慧防疫
醫療感染控制發展計畫(3/4)(0324:衛生福利部),103,防疫科技,"智慧防疫,風險評估"
愛滋病防治整合型計畫(2/4)(0324:衛生福利部),103,防疫科技,",風險評估"
結核病防治整合型計畫(3/4)(0324:衛生福利部),103,防疫科技,"檢疫,治療藥物"
整合與提升我國食媒性疾病及其病原監測防護網計畫(1/4)(0324:衛生福利部),103,防疫科技,智慧防疫
台灣重要感染疾病之病原基因體學、致病機制、預防及治療之新策略(3/4)(0324:衛生福利部),103,防疫科技,"檢疫,治療藥物,疫苗開發"
台灣cGMP生物製劑廠運作計畫(2/4)(0324:衛生福利部),103,防疫科技,"疫苗開發,環境建構"
前瞻疫苗技術開發計畫(3/5)(1901:科技部),103,防疫科技,疫苗開發
台灣重要感染疾病之病原基因體學、致病機制、預防及治療之新策略(4/4)(0324:衛生福利部),104,防疫科技,"檢疫,治療藥物,疫苗開發"
台灣cGMP生物製劑廠運作計畫(3/4)(0324:衛生福利部),104,防疫科技,"疫苗開發,環境建構"
整合與提升我國食媒性疾病及其病原監測防護網計畫(2/4)(0324:衛生福利部),104,防疫科技,智慧防疫
新興/再浮現傳染病監測技術開發與應用計畫(4/5)(0324:衛生福利部),104,防疫科技,"檢疫,智慧防疫"
疾病防治整合型研究計畫(1/4)-傳染病防治研究計畫(0324:衛生福利部),104,防疫科技,風險評估
醫療感染控制發展計畫(4/4)(0324:衛生福利部),104,防疫科技,"智慧防疫,風險評估"
結核病防治整合型計畫(4/4)(0324:衛生福利部),104,防疫科技,"檢疫,治療藥物"
愛滋病防治整合型計畫(3/4)(0324:衛生福利部),104,防疫科技,",風險評估"
前瞻疫苗技術開發計畫(4/5)(1901:科技部),104,防疫科技,疫苗開發
整合與提升我國食媒性疾病及其病原監測防護網計畫(3/4)(0324:衛生福利部),105,防疫科技,智慧防疫
台灣cGMP生物製劑廠運作計畫(4/4)(0324:衛生福利部),105,防疫科技,"疫苗開發,環境建構"
前瞻疫苗技術開發計畫(5/5)(1901:科技部),105,防疫科技,疫苗開發
整合與提升我國食媒性疾病及其病原監測防護網計畫(4/4)(0324:衛生福利部),106,防疫科技,智慧防疫
維持符合我國PIC/S GMP之生物製劑廠基本營運規模(1/4)(0324:衛生福利部),106,防疫科技,"疫苗開發,環境建構"
蚊媒傳染病防治研究聚落之合作體系(1/4)(0324:衛生福利部),106,防疫科技,"檢疫,治療藥物,疫苗開發,智慧防疫,風險評估"
建立亞太疫苗及血清研發中心旗艦計畫(1/4)(0324:衛生福利部),106,防疫科技,疫苗開發
新世代智慧防疫行動計畫(1/4)(0324:衛生福利部),107,防疫科技,智慧防疫
維持符合我國PIC/S GMP之生物製劑廠基本營運規模(2/4)(0324:衛生福利部),107,防疫科技,"疫苗開發,環境建構"
蚊媒傳染病防治研究聚落之合作體系(2/4)(0324:衛生福利部),107,防疫科技,"檢疫,治療藥物,疫苗開發,智慧防疫,風險評估"
建立亞太疫苗及血清研發中心(2/4)(0324:衛生福利部),107,防疫科技,疫苗開發
維持符合我國PIC/S GMP之生物製劑廠基本營運規模(3/4)(0324:衛生福利部),108,防疫科技,"疫苗開發,環境建構"
蚊媒傳染病防治研究聚落之合作體系(3/4)(0324:衛生福利部),108,防疫科技,"檢疫,治療藥物,疫苗開發,智慧防疫,風險評估"
建立亞太疫苗及血清研發中心旗艦計畫(3/4)(0324:衛生福利部),108,防疫科技,疫苗開發
新世代智慧防疫行動計畫(2/4)(0324:衛生福利部),108,防疫科技,智慧防疫
蚊媒傳染病防治研究聚落之合作體系(4/4)(0324:衛生福利部),109,防疫科技,"檢疫,治療藥物,疫苗開發,智慧防疫,風險評估"
國人重大傳染病防治卓越科技發展研究(1/4)(0324:衛生福利部),109,防疫科技,"檢疫,智慧防疫"
維持符合我國PIC/S GMP之生物製劑廠基本營運規模(4/4)(0324:衛生福利部),109,防疫科技,"疫苗開發,環境建構"
建立亞太疫苗及血清研發中心計畫(4/4)(0324:衛生福利部),109,防疫科技,疫苗開發
新世代智慧防疫行動計畫(3/4)(0324:衛生福利部),109,防疫科技,智慧防疫
新興傳染病防治及重大疾病研發計畫暨生技創新學苑(1/4)(0210:中央研究院),110,防疫科技,"檢疫,治療藥物,疫苗開發"
國人重大傳染病防治卓越科技發展研究(2/4)(0324:衛生福利部),110,防疫科技,"檢疫,智慧防疫"
維持符合我國PIC/S GMP之生物製劑廠基本營運規模(1/4)(0324:衛生福利部),110,防疫科技,"疫苗開發,環境建構"
蚊媒傳染病防治研究合作體系(1/4)(0324:衛生福利部),110,防疫科技,智慧防疫
新世代智慧防疫行動計畫(4/4)(0324:衛生福利部),110,防疫科技,智慧防疫
建立國安及高價值疫苗之產業化中心(1/4)(0324:衛生福利部),110,防疫科技,疫苗開發
